menu_start_game_0|欢 迎 您 来 到 日 本 。 在 开 始 游 戏 之 前 ， 您 必 须 创 建 自 己 的 角 色 。 请 记 住 ， 在 幕 末 时 代 ， 战 争 和 政 治 通 常 由 男 性 贵 族 主 导 。 但 这 并 不 意 味 着 您 不 应 该 选 择 扮 演 女 性 角 色 。 工 业 战 争 时 代 对 普 通 士 兵 并 不 友 好 ， 步 枪 的 广 泛 使 用 使 战 斗 比 以 往 任 何 时 候 都 更 加 致 命 。 因 此 ， 建 议 您 尽 可 能 从 贵 族 做 起 ， 这 将 为 您 提 供 足 够 的 资 金 来 组 建 军 队 和 成 为 将 军 ， 并 允 许 您 在 开 始 后 加 入 一 个 派 别 。 当 然 ， 勇 于 躲 避 子 弹 的 普 通 士 兵 或 孤 独 的 冒 险 者 仍 然 完 全 可 以 选 择 这 种 方 式 。 
mno_continue|继 续 
mno_camp_gekokujo|下 克 上 特 定 的 选 项 ...
mno_go_back|后 退 
menu_start_phase_2|1868年 的 日 本 ， 一 片 被 维 新 思 潮 点 燃 的 土 地 ， 所 有 追 逐 财 富 、 权 力 抑 或 是 荣 誉 的 人 们 皆 聚 集 于 此 ， 机 会 与 危 险 并 存 ， 你 相 信 你 将 放 弃 过 去 的 一 切 ， 开 始 一 段 新 的 旅 程 。 你 觉 得 最 终 ， 命 运 掌 握 在 你 自 己 的 手 中 ， 你 可 以 随 心 所 欲 ， 无 论 过 程 怎 样 ， 一 次 伟 大 的 传 奇 将 就 此 展 开 。 你 被 这 片 土 地 上 无 限 的 机 遇 所 吸 引 ... ( 大 名 开 局 请 点 下 一 页 )
mno_next_page3|下 一 页 
mno_town_1|前 往 伊 势 的 津 城 
mno_town_2|前 往 北 方 的 弘 前 
mno_town_3|前 往 越 后 的 新 泻 
mno_town_4|前 往 关 东 的 江 户 
mno_town_5|前 往 畿 内 的 堺 
mno_town_6|前 往 九 州 的 博 多 
menu_start_phase_new|日 本 ， 一 片 被 维 新 思 潮 点 燃 的 土 地 ， 武 士 、 浪 人 、 冒 险 家 的 避 风 港 ， 他 们 都 愿 意 冒 着 生 命 危 险 追 求 财 富 ， 权 力 或 荣 耀 ...... 在 这 片 充 满 巨 大 危 险 和 更 大 机 遇 的 土 地 上 ， 你 相 信 你 可 以 抛 弃 过 去 ， 开 始 新 的 生 活 。 你 终 于 把 命 运 的 钥 匙 握 在 了 手 中 。 您 可 以 随 意 选 择 ， 无 论 您 选 择 什 么 ， 都 会 有 伟 大 的 冒 险 等 着 你 ...
mno_town_8|榊 原 大 人 ， 请 前 往 你 的 权 力 宝 座 ， 高 田 ！ 
mno_town_7|伊 达 大 人 ， 请 前 往 你 的 权 力 宝 座 ， 仙 台 ！ 
mno_town_10|藤 堂 大 人 ， 前 往 你 的 权 力 宝 座 ， 津 ！ 
mno_town_11|毛 利 大 人 ， 前 往 你 的 权 力 宝 座 ， 广 岛 ！ 
mno_town_12|松 平 大 人 ， 前 往 你 的 权 力 宝 座 ， 会 津 若 松 ！ 
mno_town_13|德 川 大 人 ， 前 往 你 的 权 力 宝 座 ， 浜 松 ！ 
mno_town_14|蜂 须 贺 大 人 ， 前 往 你 的 权 力 宝 座 ， 堺 ！ 
mno_town_15|池 田 大 人 ， 前 往 你 的 权 力 宝 座 ， 鸟 取 ！ 
mno_town_16|细 川 大 人 ， 前 往 你 的 权 力 宝 座 ， 熊 本 ！ 
mno_town_17|津 轻 大 人 ， 前 往 你 的 权 力 宝 座 ， 弘 前 ！ 
mno_town_18|松 平 大 人 ， 前 往 你 的 权 力 宝 座 ， 福 井 ！ 
mno_town_19|山 内 大 人 ， 前 往 你 的 权 力 宝 座 ， 高 知 ！ 
mno_previous_page1|上 一 页 
mno_next_page7|下 一 页 
menu_start_game_3|选 择 剧 本 
menu_reports|角 色 名 望 ， {reg5}^ 荣 誉 级 别 ， {reg6}^ 兵 士 士 气 ， {reg8}^ 统 兵 上 限 ， {reg7}^
mno_action_view_all_items|查 看 所 有 物 品 
mno_action_view_world_map|查 看 世 界 地 图 ( 可 能 导 致 游 戏 崩 溃 )
mno_action_view_troop_trees|查 看 兵 种 树 
mno_view_character_report|角 色 状 态 
mno_view_party_size_report|部 队 上 限 
mno_view_npc_mission_report|任 务 简 报 
mno_view_weekly_budget_report|部 队 收 支 
mno_view_morale_report|兵 士 士 气 
mno_lord_relations|按 照 关 系 查 看 已 认 识 的 名 流 
mno_view_affiliated_family_report|查 看 家 族 成 员 / 配 偶 报 告 
mno_courtship_relations|个 人 问 题 
mno_view_faction_relations_report|外 事 关 系 
mno_dplmc_show_economic_report|领 地 经 济 报 告 
mno_resume_travelling|继 续 旅 程 
menu_custom_battle_scene|(NO TRANS)
menu_custom_battle_end|战 斗 结 束 。 {s1}你 的 队 伍 斩 首 {reg5}人 ， 敌 人 的 队 伍 讨 取 我 方 {reg6}人 。 你 斩 了 {reg7}人 。 
menu_start_game_1|选 择 你 的 角 色 性 别 
mno_start_male|男 (后 两 行 是 大 名 开 局 )
mno_start_female|女 (后 两 行 是 大 名 开 局 )
menu_start_king_1|{s10}^^ 你 的 势 力 是 ...
mno_start_king|明 治 新 政 府 
mno_start_king_uesugi|越 后 诸 藩 
mno_start_king_date|仙 台 藩 
mno_start_king_oda|伊 势 诸 藩 
mno_start_king_mori|长 州 藩 
mno_start_king_takeda|松 平 家 
mno_start_king_tokugawa|德 川 家 
mno_start_king_miyoshi|德 岛 藩 
mno_start_king_amako|池 田 家 
mno_start_king_otomo|细 川 家 
mno_start_king_nanbu|弘 前 藩 
mno_start_king_asakura|福 井 藩 
mno_start_king_chosokabe|土 佐 藩 
mno_start_king_ito|延 冈 藩 
mno_cancel|取 消 
menu_start_king_new|{s10}^^ 你 的 家 族 是 ...
mno_start_king_hojo|旧 幕 府 势 力 
mno_start_king_mogami|久 保 田 藩 
mno_start_king_shimazu|萨 摩 藩 
mno_start_king_ryuzoji|佐 贺 藩 
mno_start_king_satake|水 户 藩 
mno_start_king_satomi|房 总 诸 藩 
mno_start_king_urakami|酒 井 家 
mno_start_king_ikko|加 贺 藩 
mno_start_king_imagawa|盛 冈 藩 
mno_start_king_saito|大 垣 藩 
mno_start_king_akamatsu|福 冈 藩 
menu_start_character_1|当 你 作 为 一 个 平 民 的 孩 子 出 生 在 这 片 土 地 时 ， 你 的 父 亲 是 ...
mno_start_noble|一 位 无 主 的 武 士 
mno_start_nomad|一 位 来 自 大 陆 的 难 民 
mno_start_merchant|一 位 行 商 人 
mno_start_guard|一 位 足 轻 组 头 
mno_start_forester|一 位 弓 术 师 
mno_start_thief|一 位 盗 贼 
menu_start_king_2|{s10}^^ 你 记 得 你 的 父 亲 躺 在 病 榻 上 艰 难 地 喘 息 着 ， 你 知 道 这 位 抚 养 你 长 大 的 家 主 即 将 带 着 他 的 野 心 遗 憾 地 离 开 这 个 世 间 。 泪 眼 朦 胧 间 ， 你 恍 惚 又 看 见 了 幼 年 赏 梅 时 那 个 用 大 手 抚 摸 着 你 的 头 的 魁 梧 身 影 。 " 咳 咳 咳 " 急 促 的 咳 嗽 声 打 断 了 你 的 思 绪 ， 回 忆 里 高 大 魁 梧 的 影 子 和 面 前 干 瘦 虚 弱 的 人 影 重 叠 了 。 你 的 父 亲 转 过 脸 来 看 向 你 ， 尽 管 他 的 双 目 已 经 被 病 痛 摧 残 地 浑 浊 不 堪 。 他 伸 出 一 只 形 同 枯 槁 的 手 ， 似 乎 想 摸 摸 你 的 脸 --- 但 是 这 只 手 伸 到 一 半 就 停 住 了 ， 之 后 它 软 弱 地 落 了 下 来 ， 落 在 你 正 坐 的 大 腿 上 ， 如 图 它 主 人 的 双 目 一 般 了 无 生 气 ......
mno_kosho|小 姓 (继 续 )
menu_start_king2_2|{s10} ^^你 父 亲 是 长 冈 藩 藩 主 。 
menu_start_king4_2|{s10} ^^你 父 亲 是 仙 台 藩 藩 主 。 伊 达 家 族 自 战 国 时 代 结 束 以 来 ， 一 直 效 忠 于 德 川 氏 。 他 们 凭 借 政 治 谋 略 在 数 个 世 纪 的 动 荡 中 幸 存 下 来 ， 这 使 他 们 成 为 了 难 缠 的 敌 人 和 勇 猛 的 战 士 。 即 使 经 历 了 数 百 年 的 相 对 和 平 ， 他 们 依 然 如 此 。 
menu_start_king6_2|{s10} ^^你 父 亲 是 津 藩 藩 藩 主 。 
menu_start_king7_2|{s10} ^^你 父 亲 是 长 州 藩 藩 主 。 毛 利 家 族 对 幕 府 怀 恨 已 有 250年 。 他 们 当 初 同 意 不 参 与 关 原 之 战 ， 随 后 也 未 作 抵 抗 便 交 出 了 大 坂 城 。 然 而 ， 保 持 中 立 的 回 报 并 非 晋 升 ， 而 是 领 地 被 剥 夺 ， 仅 获 封 长 州 藩 。 这 几 乎 算 不 上 奖 赏 。 最 终 ， 他 们 再 次 起 身 反 抗 幕 府 ， 并 成 为 那 些 主 张 以 武 力 “驱 逐 蛮 夷 ”的 势 力 之 一 。 
menu_start_king5_2|{s10} ^^你 父 亲 是 会 津 藩 藩 主 。 会 津 松 平 家 的 地 位 ， 乃 至 其 姓 氏 ， 完 全 归 功 于 与 德 川 家 长 期 的 联 系 。 无 论 是 根 据 历 史 还 是 自 身 倾 向 ， 在 戊 辰 战 争 开 始 时 ， 会 津 都 是 幕 府 的 主 要 支 柱 。 
menu_start_king9_2|{s10} ^^你 父 亲 是 德 川 氏 家 主 。 
menu_start_king10_2|{s10} ^^你 父 亲 是 德 岛 藩 藩 主 。 
menu_start_king11_2|{s10} ^^你 父 亲 是 池 田 氏 家 主 。 
menu_start_king12_2|{s10} ^^你 父 亲 是 细 川 氏 家 主 。 
menu_start_king13_2|{s10} ^^你 父 亲 是 福 井 藩 藩 主 。 
menu_start_king14_2|{s10} ^^你 父 亲 是 彦 根 藩 藩 主 。 
menu_start_king15_2|{s10} ^^你 父 亲 是 土 佐 藩 藩 主 。 山 内 家 族 能 在 土 佐 立 足 ， 得 益 于 他 们 在 1600年 关 原 之 战 中 对 德 川 家 康 的 支 持 。 然 而 ， 到 了 19世 纪 60年 代 ， 土 佐 藩 转 而 效 忠 天 皇 一 派 。 山 内 丰 信 曾 敦 促 将 军 将 权 力 归 还 天 皇 ， 以 阻 止 长 州 和 萨 摩 势 力 坐 大 。 当 此 举 无 法 实 现 时 ， 土 佐 便 加 入 了 天 皇 官 军 一 方 。 
menu_start_king16_2|{s10} ^^你 父 亲 是 江 户 幕 府 陆 军 总 裁 。 
menu_start_king17_2|{s10} ^^你 父 亲 是 久 保 田 藩 藩 主 。 
menu_start_king18_2|{s10} ^^你 父 亲 是 萨 摩 藩 藩 主 。 
menu_start_king19_2|{s10} ^^你 父 亲 是 佐 贺 藩 藩 主 。 
menu_start_king20_2|{s10} ^^你 父 亲 是 水 户 藩 藩 主 。 
menu_start_king21_2|{s10} ^^你 父 亲 是 佐 仓 藩 藩 主 。 
menu_start_king22_2|{s10} ^^你 父 亲 是 酒 井 氏 家 主 。 
menu_start_king23_2|{s10} ^^你 父 亲 是 加 贺 藩 藩 主 。 
menu_start_king24_2|{s10} ^^你 父 亲 是 盛 冈 藩 藩 主 。 
menu_start_king25_2|{s10} ^^你 父 亲 是 大 垣 藩 藩 主 。 
menu_start_king26_2|{s10} ^^你 父 亲 是 福 冈 藩 藩 主 。 
menu_start_king3_2|{s10} ^^你 父 亲 是 延 冈 藩 藩 主 。 
menu_start_character_2|{s10}^^ 后 来 ， 你 在 {少 年 /少 女 } 时 期 做 过 ...
mno_handmaiden|贵 夫 人 的 侍 女 
mno_apprentice|刀 匠 的 学 徒 
mno_stocker|游 商 学 徒 
mno_urchin|村 里 的 顽 童 
mno_mountaineer|山 里 的 孩 子 
menu_start_king_3|^^但 很 快 一 切 都 变 了 ， 你 的 父 亲 去 世 了 。 
mno_vengeance|继 续 
menu_start_king2_3|^^但 很 快 一 切 都 变 了 ， 你 的 父 亲 去 世 了 。 
menu_start_king4_3|^^但 很 快 一 切 都 变 了 ， 你 的 父 亲 去 世 了 。 
menu_start_king3_3|^^但 很 快 一 切 都 变 了 ， 你 的 父 亲 去 世 了 。 
menu_start_king5_3|^^但 很 快 一 切 都 变 了 ， 你 的 父 亲 去 世 了 。 
menu_start_king6_3|^^但 很 快 一 切 都 变 了 ， 你 的 父 亲 去 世 了 。 
menu_start_king7_3|^^但 很 快 一 切 都 变 了 ， 你 的 父 亲 去 世 了 。 
menu_start_king9_3|^^但 很 快 一 切 都 变 了 ， 你 的 父 亲 去 世 了 。 
menu_start_king10_3|^^但 很 快 一 切 都 变 了 ， 你 的 父 亲 去 世 了 。 
menu_start_king11_3|^^但 很 快 一 切 都 变 了 ， 你 的 父 亲 去 世 了 。 
menu_start_king12_3|^^但 很 快 一 切 都 变 了 ， 你 的 父 亲 去 世 了 。 
menu_start_king13_3|^^但 很 快 一 切 都 变 了 ， 你 的 父 亲 去 世 了 。 
menu_start_king14_3|^^但 很 快 一 切 都 变 了 ， 你 的 父 亲 去 世 了 。 
menu_start_king15_3|^^但 很 快 一 切 都 变 了 ， 你 的 父 亲 去 世 了 。 
menu_start_king16_3|^^但 很 快 一 切 都 变 了 ， 你 的 父 亲 去 世 了 。 
menu_start_king17_3|^^但 很 快 一 切 都 变 了 ， 你 的 父 亲 去 世 了 。 
menu_start_king18_3|^^但 很 快 一 切 都 变 了 ， 你 的 父 亲 去 世 了 。 
menu_start_king19_3|^^但 很 快 一 切 都 变 了 ， 你 的 父 亲 去 世 了 。 
menu_start_king20_3|^^但 很 快 一 切 都 变 了 ， 你 的 父 亲 去 世 了 。 
menu_start_king21_3|^^但 很 快 一 切 都 变 了 ， 你 的 父 亲 去 世 了 。 
menu_start_king22_3|^^但 很 快 一 切 都 变 了 ， 你 的 父 亲 去 世 了 。 
menu_start_king23_3|^^但 很 快 一 切 都 变 了 ， 你 的 父 亲 去 世 了 。 
menu_start_king24_3|^^但 很 快 一 切 都 变 了 ， 你 的 父 亲 去 世 了 。 
menu_start_king25_3|^^但 很 快 一 切 都 变 了 ， 你 的 父 亲 去 世 了 。 
menu_start_king26_3|^^但 很 快 一 切 都 变 了 ， 你 的 父 亲 去 世 了 。 
menu_start_character_3|{s11}^^ 后 来 ， 在 你 的 青 年 时 期 ， 你 的 生 活 理 所 应 当 的 改 变 了 。 你 成 为 了 一 个 ...
mno_samurai|下 级 武 士 
mno_lady|京 都 女 官 
mno_biwa_hoshi|倾 奇 琵 琶 音 乐 家 
mno_monk|寺 庙 僧 侣 
mno_miko|神 社 巫 女 
mno_peddler|小 商 贩 
mno_craftsman|铸 铁 师 
mno_poacher|偷 猎 者 
menu_start_character_4|{s12}^^ 不 过 在 一 段 时 间 以 后 ， 一 切 都 发 生 了 变 化 ， 你 决 定 孤 身 一 人 闯 荡 天 下 。 让 你 做 出 这 个 举 动 的 原 因 是 ...
mno_revenge|家 族 仇 恨 
mno_death|爱 人 被 浪 人 杀 死 
mno_wanderlust|对 于 修 行 的 爱 好 
mno_disown|所 在 的 村 子 被 武 士 烧 毁 
mno_greed|想 成 为 独 当 一 面 的 武 士 
menu_choose_skill|{s13}
mno_begin_adventuring|你 来 到 了 气 势 恢 宏 的 幕 末 时 代 。 
mno_go_back_dot|后 退 
menu_past_life_explanation|{s3}
mno_view_next|{s5}
menu_morale_report|{s1}
menu_courtship_relations|{s1}
menu_lord_relations|{s1}
menu_companion_report|{s7}{s1}
menu_character_report|{s9}
menu_party_size_report|{s1}
menu_faction_relations_report|{s1}
menu_camp|营 地 已 经 建 好 了 ， 你 想 要 做 什 么 ？ 
mno_dplmc_camp_manage_inventory|管 理 部 队 物 品 
mno_dplmc_camp_manage_inventory_disabled|NPC 自 动 选 择 战 利 品 ， 要 求 物 品 管 理 或 掠 夺 2 级 ( 勿 动 )
mno_dplmc_camp_preferences|MOD选 项 
mno_camp_action|干 点 事 情 
mno_camp_dialog|与 贵 族 ， 女 士 和 其 他 人 交 谈 。 
mno_camp_moraling|赏 赐 部 队 提 高 士 气 
mno_camp_wait_here|在 这 里 待 一 会 儿 
mno_camp_cheat|作 弊 啦 ！ 
menu_camp_cheat|选 择 作 弊 项 目 ， 
mno_camp_cheat_find_item|寻 找 物 品 
mno_camp_cheat_change_weather|改 变 天 气 ...
menu_camp_gekokujo|当 前 难 度 +{reg14}%^^选 择 一 个 选 项 ： 
mno_gekokujo_bio|阅 读 {playername} 的 传 记 。 。 。 
mno_gekokujo_encounter_rate_0|随 机 遭 遇 ( 当 前 启 用 建 议 关 闭 ) 
mno_gekokujo_encounter_rate_1|随 机 遭 遇 ( 当 前 减 少 建 议 关 闭 ) 
mno_gekokujo_encounter_rate_2|随 机 遭 遇 ( 当 前 关 闭 ) 
mno_gekokujo_disable_companion_quit|禁 用 同 伴 退 出 
mno_gekokujo_enable_companion_quit|启 用 同 伴 退 出 
mno_gekokujo_disable_new_sieges|围 城 战 有 城 门 
mno_gekokujo_enable_new_sieges|老 式 围 城 战 
mno_gekokujo_enable_samurai_penalty|1 名 武 士 占 用 1 人 数 单 位 
mno_gekokujo_disable_samurai_penalty|1 名 武 士 占 用 2 人 数 单 位 
mno_gekokujo_disable_cheat|启 用 作 弊 模 式 
mno_gekokujo_enable_cheat|关 闭 作 弊 模 式 
mno_gekokujo_cheat_menu|下 克 上 作 弊 菜 单 
menu_cheat_gekokujo|选 择 作 弊 内 容 ， 
mno_gekokujo_companions|找 到 所 有 的 同 伴 ...
mno_gekokujo_enter_scene|输 入 一 个 特 殊 的 场 景 进 行 编 辑 ...
mno_gekokujo_instant_army|组 建 一 支 军 队 ...
menu_gekokujo_companions|{s1}
menu_cheat_enter_scene|选 择 一 个 场 景 ， 
mno_camp_cheat_enter_scene_1|进 入 场 景 ， 桥 1
mno_camp_cheat_enter_scene_2|进 入 场 景 ， 桥 2 
mno_camp_cheat_enter_scene_3|进 入 场 景 ， 桥 3 
mno_camp_cheat_enter_scene_4|进 入 场 景 ， 道 路 1
mno_camp_cheat_enter_scene_5|进 入 场 景 ， 道 路 2 
mno_camp_cheat_enter_scene_7|进 入 场 景 ， 海 1 (小 vs 小 )
mno_camp_cheat_enter_scene_8|进 入 场 景 ， 海 2 (小 vs 中 )
mno_camp_cheat_enter_scene_9|进 入 场 景 ， 海 3 (中 vs 小 )
mno_camp_cheat_enter_scene_10|进 入 场 景 ， 海 4 (中 vs 中 )
mno_camp_cheat_enter_scene_11|进 入 场 景 ， 岛 1 (小 vs 大 )
mno_camp_cheat_enter_scene_12|进 入 场 景 ， 岛 2 (中 vs 大 )
mno_camp_cheat_enter_scene_13|进 入 场 景 ， 岛 3 (大 vs 小 )
mno_camp_cheat_enter_scene_14|进 入 场 景 ， 岛 4 (大 vs 中 )
mno_camp_cheat_enter_scene_15|进 入 场 景 ， 岛 5 (大 vs 大 )
mno_camp_cheat_enter_scene_16|进 入 场 景 ， 岛 6 (大 vs 大 )
menu_cheat_enter_scene_p2|选 择 一 个 场 景 ， 
mno_camp_cheat_enter_scene_17|进 入 场 景 ， 濑 户 海 盗 巢 穴 
mno_camp_cheat_enter_scene_18|进 入 场 景 ， 关 东 叛 军 巢 穴 
mno_camp_cheat_enter_scene_19|进 入 场 景 ， 虾 夷 勇 士 巢 穴 
mno_camp_cheat_enter_scene_20|进 入 场 景 ， 信 浓 叛 军 巢 穴 
mno_camp_cheat_enter_scene_21|进 入 场 景 ， 倭 寇 海 盗 巢 穴 
mno_camp_cheat_enter_scene_22|进 入 场 景 ， 畿 内 海 盗 巢 穴 
mno_camp_cheat_enter_scene_23|进 入 场 景 ， 一 向 一 揆 巢 穴 
mno_camp_cheat_enter_scene_24|进 入 场 景 ， 大 厦 巢 穴 
menu_cheat_enter_scene_p3|选 择 一 个 场 景 ， 
mno_camp_cheat_enter_scene_25|输 入 场 景 ， 企 业 
mno_camp_cheat_enter_scene_26|输 入 场 景 ， 街 头 遭 遇 
mno_camp_cheat_enter_scene_27|输 入 场 景 ， 商 店 遭 遇 
mno_camp_cheat_enter_scene_28|输 入 场 景 ， 公 馆 遭 遇 
mno_camp_cheat_enter_scene_29|输 入 场 景 ， 农 场 遭 遇 
mno_camp_cheat_enter_scene_30|输 入 场 景 ， 道 路 遭 遇 
mno_camp_cheat_enter_scene_31|输 入 场 景 ， 森 林 遭 遇 
mno_camp_cheat_enter_scene_32|输 入 场 景 ， 河 流 遭 遇 
menu_gekokujo_bio|{s1}
menu_camp_action|选 择 你 要 做 的 事 ， 
mno_camp_recruit_prisoners|从 俘 虏 中 募 兵 
mno_action_read_book|选 一 本 书 读 
mno_action_rename_kingdom|重 命 名 你 的 势 力 
mno_action_change_vassal_title|改 变 你 的 贵 族 称 号 
mno_action_modify_factions_color|重 新 染 色 你 的 地 图 
mno_change_culture|改 变 派 系 文 化 
mno_action_retire|从 冒 险 中 退 出 
mno_camp_action_4|退 回 营 地 选 单 
menu_camp_dialog|你 想 和 谁 说 话 ？ 
mno_lord_dialog|跟 任 何 有 空 的 大 名 / 女 士 交 谈 。 
mno_constable_dialog|与 您 的 总 奉 行 联 系 。 
mno_chancellor_dialog|跟 你 的 军 奉 行 谈 谈 。 
mno_minister_dialog|跟 你 的 家 老 谈 谈 。 
mno_chamberlain_dialog|和 你 的 藏 奉 行 谈 谈 。 
mno_spouse_dialog|和 你 的 {s8}, {s4} 谈 谈 。 
mno_camp_dialog_4|回 到 营 地 菜 单 。 
menu_camp_recruit_prisoners|你 答 应 这 些 俘 虏 ， 如 果 他 们 加 入 你 的 话 ， 你 就 给 他 们 以 自 由 。 {s18}
mno_camp_recruit_prisoners_accept|接 受 
mno_camp_recruit_prisoners_reject|拒 绝 
menu_camp_no_prisoners|你 没 有 俘 虏 可 以 招 募 
menu_camp_action_read_book|选 一 本 书 读 ， 
mno_action_read_book_1|{s1}。 
mno_action_read_book_2|{s1}。 
mno_action_read_book_3|{s1}。 
mno_action_read_book_4|{s1}。 
mno_action_read_book_5|{s1}。 
mno_action_read_book_6|{s1}。 
mno_action_read_book_7|{s1}。 
menu_camp_action_read_book_start|{s1}
menu_faction_culture_change|哪 个 阵 营 ? 
mno_Uesugi|上 杉 
mno_Date|伊 达 
mno_Oda|织 田 
mno_Mori|毛 利 
mno_Takeda|武 田 
mno_Tokugawa|德 川 
mno_next_page1|下 一 页 
menu_faction_culture_change1|哪 个 阵 营 ? 
mno_Miyoshi|三 好 
mno_Amako|尼 子 
mno_Otomo|大 友 
mno_Nanbu|南 部 
mno_Asakura|朝 仓 
mno_previous_page|上 一 页 
mno_next_page2|下 一 页 
menu_faction_culture_change2|哪 个 阵 营 ? 
mno_Chosokabe|长 宗 我 部 
mno_Hojo|北 条 
mno_Mogami|最 上 
mno_Shimazu|岛 津 
mno_Ryuzoji|龙 造 寺 
menu_faction_culture_change3|哪 个 阵 营 ? 
mno_Satake|佐 竹 
mno_Satomi|里 见 
mno_Ukita|浦 上 
mno_Akamatsu|赤 松 
mno_Ikko-Ikki|一 向 宗 
mno_Ito|伊 东 
mno_Ashikaga|足 利 幕 府 
mno_Imagawa|今 川 
mno_Saito|斋 藤 
mno_Sokudo|自 定 义 
menu_retirement_verify|你 现 在 的 时 间 是 {reg0}天 。 运 气 是 {reg1}。 你 确 实 想 要 从 这 场 冒 险 中 退 出 吗 ？ 
mno_retire_yes|是 的 
mno_retire_no|不 
menu_end_game|去 意 已 决 ， 你 决 定 放 弃 冒 险 者 的 生 活 ， 并 定 居 下 来 。 你 卖 掉 了 所 有 的 武 器 与 护 甲 ， 收 拾 起 行 囊 ， 策 马 奔 向 夕 阳 的 余 辉 之 中 ...
mno_end_game_bye|再 会 
menu_cattle_herd|你 遇 到 了 一 群 牛 。 
mno_cattle_drive_away|赶 走 他 们 。 
mno_cattle_stop|把 他 们 带 到 一 个 休 息 点 。 
mno_cattle_kill|屠 宰 其 中 的 一 些 。 
mno_leave|离 开 
menu_cattle_herd_kill|你 想 屠 宰 几 头 ？ 
mno_cattle_kill_1|一 。 
mno_cattle_kill_2|二 。 
mno_cattle_kill_3|三 。 
mno_cattle_kill_4|四 。 
mno_cattle_kill_5|五 。 
menu_arena_duel_fight|你 和 你 的 对 手 准 备 决 斗 。 
menu_simple_encounter|{s2}你 将 以 {reg10}人 的 部 队 迎 战 对 手 {reg11}人 。 
mno_encounter_attack_plan|设 定 作 战 计 划 
mno_encounter_attack_do_plan|完 美 的 计 划 ， 出 击 ！ 
mno_encounter_attack_clear_plan|重 新 评 估 
mno_encounter_attack_hold|坚 守 此 地 ！ 
mno_encounter_attack_follow|合 战 。 
mno_encounter_attack|突 击 ！ 
mno_encounter_order_attack|后 方 下 令 。 
mno_encounter_leave|撤 退 。 
mno_encounter_retreat|兵 士 殿 后 ， 撤 退 。 
mno_encounter_surrender|降 伏 。 
menu_encounter_retreat_confirm|队 员 中 最 高 战 术 技 能 为 {reg2}级 ， 因 此 {reg3? 你 制 定 ， {s3}制 定 }了 一 个 计 划 ， 来 让 你 和 你 大 部 分 的 部 队 可 以 活 着 退 出 战 斗 ， 但 是 你 必 须 牺 牲 {reg4}个 战 士 来 进 行 掩 护 。 
mno_leave_behind|实 行 计 划 。 以 牺 牲 掉 那 些 人 的 代 价 拯 救 剩 下 的 部 队 。 
mno_dont_leave_behind|不 ， 我 们 不 会 牺 牲 任 何 一 个 战 友 。 
menu_encounter_retreat|你 命 令 {reg4}名 战 士 负 责 在 大 部 队 撤 退 的 时 候 拖 住 敌 人 前 进 的 步 伐 。 
menu_order_attack_begin|你 的 部 队 已 经 做 好 了 战 斗 准 备 。 
mno_order_attack_begin|下 令 攻 击 。 
mno_call_back|后 撤 。 
menu_order_attack_2|{s4}^^ 我 军 人 员 伤 亡 ， {s8}^^ 敌 军 人 员 伤 亡 ， {s9}
mno_order_attack_continue|继 续 攻 击 。 
mno_order_retreat|让 你 的 士 兵 撤 回 来 。 
menu_battle_debrief|{s11}伤 亡 ， ^^ 我 军 伤 亡 ， {s8}{s10}^^ 敌 军 伤 亡 ， {s9}
menu_total_victory|你 不 该 看 这 个 ... {s9}
menu_enemy_slipped_away|{s17}
menu_permanent_damage|{s0}
mno_s0|{s0}
menu_pre_join|你 遇 到 {s2}正 在 攻 击 {s1}， 你 决 定 ...
mno_pre_join_help_attackers|对 {s4}的 {s2}施 以 援 手 。 
mno_pre_join_help_defenders|对 {s3}的 {s1}施 以 援 手 。 
mno_pre_join_leave|不 卷 入 纷 争 。 
menu_join_battle|你 决 定 帮 助 {s2}对 抗 {s1}， 你 将 有 {reg10}名 士 兵 参 加 战 斗 对 抗 {reg11}个 敌 人 。 
mno_join_attack_plan|计 划 如 何 攻 击 你 的 敌 人 。 
mno_join_attack_do_plan|完 美 的 计 划 ， 出 击 ！ 
mno_join_attack_clear_plan|重 新 评 估 
mno_join_attack_hold|坚 守 此 地 ！ 
mno_join_attack_follow|合 战 ！ 
mno_join_attack|突 击 ！ 
mno_join_order_attack|派 兵 驰 援 。 
mno_join_leave|离 开 。 
mno_join_wounded|你 在 战 斗 中 被 击 成 重 伤 了 ！ 
menu_join_order_attack|{s4}^^ 我 军 伤 亡 ， {s8}^^ 盟 军 伤 亡 ， {s9}^^ 敌 军 伤 亡 ， {s10}
menu_zendar|你 进 入 了 禅 达 镇 。 
mno_zendar_enter|【 进 入 】 
mno_zendar_enter_door|去 镇 广 场 。 
mno_zendar_tavern|【 进 入 】 
mno_zendar_tavern_door|进 入 酒 馆 。 
mno_zendar_merchant|【 进 入 】 
mno_zendar_merchant_door|进 入 商 店 。 
mno_zendar_arena|【 进 入 】 
mno_zendar_arena_door|进 入 竞 技 场 。 
mno_town_1_leave|【 进 入 】 
menu_salt_mine|你 进 入 了 盐 矿 。 
mno_enter|进 入 
menu_four_ways_inn|你 进 入 了 四 方 客 栈 。 
menu_test_scene|你 进 入 了 测 试 场 景 。 
menu_dhorak_keep|你 进 入 了 多 拉 克 要 塞 。 
menu_join_siege_outside|{s1}正 被 {s2}围 攻 。 
mno_approach_besiegers|进 入 合 围 大 阵 
mno_pass_through_siege|穿 过 合 围 大 阵 进 入 {s1}。 
menu_cut_siege_without_fight|围 城 方 放 你 进 入 了 城 堡 。 
menu_besiegers_camp_with_allies|{s1}依 然 被 围 困 中 ， 你 和 你 的 部 队 在 上 空 飞 扬 着 {s2}的 旗 帜 的 围 城 营 地 那 里 被 热 烈 的 欢 迎 了 。 
mno_talk_to_siege_commander|要 求 和 指 挥 官 会 面 。 
mno_join_siege_with_allies|加 入 下 一 轮 的 攻 城 。 
mno_join_siege_stay_back|坐 镇 指 挥 ， 让 你 的 部 队 协 助 下 一 轮 的 攻 城 。 
menu_castle_outside|你 在 {s2}的 外 面 。 {s11}{s3}{s4}
mno_approach_gates|走 近 城 门 ， 叫 守 卫 出 来 。 
mno_town_sneak|伪 装 ， 偷 偷 溜 进 {s7}里 去 。 
mno_dplmc_riot_start_siege|围 攻 {reg6? 城 镇 ， 城 堡 }剿 灭 叛 乱 。 
mno_dplmc_riot_negotiate|开 始 谈 判 。 
mno_castle_start_siege|合 围 {reg6? 城 镇 ， 城 堡 }
mno_castle_leave|离 开 。 
menu_castle_guard|你 走 近 了 城 门 。 城 墙 上 的 守 卫 正 紧 盯 着 你 。 
mno_request_shelter|要 求 进 入 城 堡 。 
mno_request_meeting_commander|要 求 和 城 堡 中 的 某 人 会 面 。 
mno_guard_leave|离 开 。 
menu_castle_entry_granted|简 短 的 等 待 之 后 ， 守 卫 打 开 了 城 门 ， 允 许 你 和 你 的 部 队 进 入 城 中 。 
menu_castle_entry_denied|城 中 的 大 将 拒 绝 了 你 的 请 求 ， 警 告 你 不 要 走 近 城 池 一 步 ， 否 则 守 军 就 会 向 你 发 起 攻 击 。 
menu_castle_meeting|你 想 要 见 谁 ？ 
mno_guard_meet_s5|{s5}。 
mno_forget_it|算 了 。 
menu_castle_meeting_selected|你 的 申 请 被 传 递 上 去 了 ， 最 终 {s6}出 现 在 你 面 前 与 你 进 行 交 涉 。 
menu_castle_besiege|你 已 经 在 围 攻 {s1}。 {s2}{s3}
mno_siege_request_meeting|要 求 和 城 内 大 将 会 面 。 
mno_wait_24_hours|等 到 明 天 。 
mno_castle_lead_attack|亲 自 率 领 攻 城 。 
mno_attack_stay_back|坐 镇 指 挥 ， 让 你 的 部 队 攻 击 ...
mno_use_agents|派 忍 者 从 内 部 打 开 大 门 ！ 
mno_build_ladders|布 置 攻 城 阵 地 及 兵 力 部 署 
mno_lift_siege|包 围 阵 解 散 
menu_siege_attack_meets_sally|守 城 方 派 了 部 队 来 对 你 进 行 还 击 。 
menu_castle_besiege_inner_battle|{s1}
menu_construct_ladders|队 员 中 最 高 工 程 技 能 为 {reg2}级 ， 由 此 {reg3? 你 预 期 ， {s3}预 期 }需 要 {reg4}小 时 来 安 设 云 梯 。 
mno_build_ladders_cont|继 续 。 
menu_send_agents|你 的 队 伍 包 含 {reg0} 人 员 总 数 ， 与 {reg1} 他 们 有 丰 富 的 野 外 作 战 经 验 。 他 们 需 要 {reg2} 小 时 进 入 并 打 开 大 门 。 
mno_send_agents_cont|就 这 样 去 做 .
menu_castle_attack_walls_simulate|{s4}^^ 我 军 伤 亡 ， {s8}^^ 敌 军 伤 亡 ， {s9}
menu_castle_attack_walls_with_allies_simulate|{s4}^^ 我 军 伤 亡 ， {s8}^^ 盟 军 伤 亡 ， {s9}^^ 敌 军 伤 亡 ， {s10}
menu_castle_taken_by_friends|这 里 已 经 没 什 么 好 看 的 了 。 
menu_castle_taken|你 的 部 队 攻 陷 了 {s3}， 现 在 你 已 经 完 全 地 掌 控 了 这 个 {reg2? 城 镇 ， 城 堡 }。 {reg1? 你 可 以 在 这 里 驻 军 以 防 那 些 打 算 重 新 夺 回 它 的 敌 军 。 同 时 ， 你 可 以 选 择 保 留 这 座 {reg2? 城 镇 ， 城 堡 }给 自 己 或 者 分 封 给 某 个 忠 诚 的 部 下 ... ， }
mno_dplmc_spoils_yourself|掠 夺 并 将 所 有 的 战 利 品 归 己 所 有 。 
mno_dplmc_spoils_accompanying_vassals|掠 夺 并 将 所 有 的 战 利 品 平 分 给 随 军 封 臣 。 
mno_dplmc_spoils_all_vassals|掠 夺 并 将 所 有 的 战 利 品 平 分 给 所 有 的 封 臣 。 
menu_castle_taken_2|你 的 部 队 攻 陷 了 {s3}， 现 在 你 已 经 完 全 地 掌 控 了 这 个 城 堡 。 现 在 应 该 把 这 个 胜 利 的 消 息 告 诉 给 {s9}了 。 {s5}
mno_castle_taken_claim|要 求 他 把 {s3}封 给 你 。 
mno_castle_taken_claim_2|要 求 他 把 {s3}封 为 你 的 配 偶 。 
mno_castle_taken_no_claim|什 么 也 不 要 求 。 
menu_requested_castle_granted_to_player|你 从 你 的 家 督 {s3}那 里 得 到 通 知 。 ^^ {reg4? 她 ， 他 }决 定 将 {s2}{reg3? 和 附 近 的 {s4} ， }封 给 你 ， 附 带 那 里 所 有 的 收 入 和 权 益 ， 条 件 是 在 这 期 间 你 要 保 持 宣 誓 效 忠 于 {reg4? 她 ， 他 }的 名 下 。 
menu_requested_castle_granted_to_player_husband|你 从 你 的 家 督 {s3}那 里 得 到 通 知 。 ^^ {reg4? 她 ， 他 }决 定 将 {s2}{reg3? 和 附 近 的 {s4} ， }封 给 你 的 丈 夫 ， ｛ s7 ｝ 。 
menu_requested_castle_granted_to_another|你 从 你 的 家 督 {s3}那 里 得 到 通 知 。 ^^ 我 听 说 你 很 英 勇 地 战 斗 并 把 {s2}给 攻 下 来 了 。 你 的 胜 利 极 大 的 鼓 舞 了 我 们 。 你 说 过 你 想 要 我 把 这 个 地 方 封 给 你 ， 但 恐 怕 我 并 不 能 同 意 你 的 要 求 ， 因 为 在 我 统 治 的 范 围 内 ， 你 已 经 有 了 封 地 。 所 以 我 送 你 {reg6}文 钱 作 为 你 的 军 费 开 支 ， 而 {s2}， 我 把 它 封 给 {s5}了 。 
mno_accept_decision|接 受 你 的 家 督 的 决 定 。 
mno_leave_faction|你 受 到 了 不 公 正 的 对 待 ！ 你 决 定 放 弃 你 对 你 的 家 督 所 发 的 誓 言 ！ 
menu_requested_castle_granted_to_another_female|你 从 你 的 家 督 {s3}那 里 得 到 通 知 。 ^^ 我 听 说 你 很 英 勇 地 战 斗 并 把 {s2}给 攻 下 来 了 。 你 的 胜 利 极 大 的 鼓 舞 了 我 们 。 你 说 过 你 想 要 我 把 这 个 地 方 封 给 你 ， 但 恐 怕 我 并 不 能 同 意 你 的 要 求 ， 因 为 在 我 统 治 的 范 围 内 ， 你 已 经 有 了 封 地 。 所 以 我 送 你 {reg6}文 钱 作 为 你 的 军 费 开 支 ， 而 {s2}， 我 把 它 封 给 {s5}了 。 
menu_leave_faction|放 弃 你 的 誓 言 是 一 件 很 严 重 的 事 情 。 你 的 家 督 将 宣 判 你 有 罪 ， 并 没 收 你 的 土 地 与 城 堡 。 如 果 你 自 愿 交 出 你 的 土 地 与 城 堡 ， 他 也 许 会 饶 恕 你 ， 让 你 走 。 
mno_leave_faction_give_back|我 交 出 我 的 土 地 与 城 堡 给 我 的 家 督 ， 但 是 我 放 弃 我 的 誓 言 。 
mno_leave_faction_hold|我 放 弃 我 的 誓 言 。 并 以 自 己 的 名 义 占 有 我 的 城 堡 ， 包 括 {s2}。 
mno_leave_faction_cancel|我 改 变 主 意 了 。 我 还 是 对 我 的 家 督 效 忠 。 
menu_give_center_to_player|获 赐 新 封 地 ！ {s1}将 {s2}赏 赐 给 你 。 你 的 选 择 是 ？ 
mno_give_center_to_player_accept|接 受 这 个 建 议 。 
mno_give_center_to_player_reject|拒 绝 ， 你 不 想 要 {s2}。 
menu_give_center_to_player_2|短 暂 的 仪 式 之 后 ， 你 已 受 封 新 封 地 。 你 现 在 是 {s2}{reg3? 和 从 属 的 {s4} ， }的 领 主 。 {reg3? 它 们 ， 它 }会 成 为 你 新 的 封 地 。 你 可 以 在 这 里 横 征 暴 敛 ， 拉 壮 丁 。 但 你 也 得 保 证 这 里 的 安 全 和 秩 序 。 
menu_oath_fulfilled|你 已 经 发 誓 为 {s1}服 务 一 段 时 间 。 你 的 誓 言 已 经 完 结 了 。 你 将 准 备 怎 么 办 ？ 
mno_renew_oath|继 续 向 {s1}发 誓 ， 再 服 务 一 个 月 。 
mno_dont_renew_oath|恢 复 自 由 身 。 
menu_siege_started_defender|{s1}正 在 攻 击 {s2}的 城 墙 。 你 有 {reg10}人 可 以 参 战 对 抗 敌 人 的 {reg11}人 。 你 决 定 ...
mno_dplmc_negotiate_with_besieger|与 围 城 军 队 谈 判 。 
mno_siege_defender_join_battle|参 加 战 斗 。 
mno_siege_defender_troops_join_battle|坐 镇 指 挥 ， 让 你 的 部 队 攻 击 。 
menu_siege_join_defense|{s4}^^ 我 军 伤 亡 ， {s8}^^ 盟 军 伤 亡 ， {s9}^^ 敌 军 伤 亡 ， {s10}
menu_enter_your_own_castle|{s10}
menu_fort|欢 迎 来 到 {s2}.
mno_fort_attack|进 攻 {s41}
mno_fort_center|在 {s42} 附 近 散 散 步 
mno_fort_center_door|在 {s42} 附 近 散 散 步 
mno_fort_deputy_meeting|去 见 你 留 下 来 负 责 的 副 官 
mno_fort_station_troops|管 理 驻 军 
mno_fort_wait|在 这 里 休 息 一 段 时 间 
mno_fort_leave|离 开 ...
menu_fort_after_battle|你 的 人 把 你 从 战 斗 中 救 出 来 ， 让 你 可 以 离 危 险 远 一 些 。 
mno_fort_battle_leave|继 续 ...
menu_fort_taken|你 已 经 采 取 了 {s2}! 现 在 你 要 干 什 么 ？ 你 有 足 够 的 领 导 力 来 控 制 {reg1} 堡 垒 现 在 有 {reg2} 在 你 的 控 制 之 下 。 
mno_fort_capture|这 是 我 的 了 ！ 
mno_fort_suppress|把 它 全 部 烧 掉 ！ 
menu_encounter|{s8}
mno_encounter_accept|{s9}
mno_encounter_reject|{s10}
mno_encounter_continue|继 续 ...
menu_encounter_setup|你 准 备 好 去 对 付 {s2} 和 {s3} 了 。 
menu_encounter_won|{s3}
menu_encounter_lost|{s3}
menu_beg|{s6}
mno_beg_continue|继 续 ...
menu_crime|{s6}
mno_burglary_recon_success_rob|等 一 下 再 去 。 
mno_burglary_recon_success_leave|离 开 。 
mno_crime_getaway_success|躲 起 来 ， 直 到 此 事 结 束 。 
mno_crime_getaway_fail|杀 出 一 条 血 路 。 
menu_getaway_failed|{s4}
menu_getaway_succeeded|{s5}
menu_labor|{s20} {s22} {s23} {s24}
mno_work|接 受 这 份 工 作 。 
mno_wait|等 待 一 份 更 好 的 工 作 。 
mno_nevermind|算 了 ...
menu_labor_complete|{s10}
menu_rebellion|{s5} 效 忠 者 反 叛 了 ， 在 {s6}周 围 的 土 地 上 组 建 了 军 队 。 
menu_village|{s10}{s12}^{s11}^{s6}{s7}
mno_village_manage|管 理 这 个 村 庄 。 
mno_recruit_volunteers|征 募 志 愿 兵 。 
mno_village_center|前 往 村 中 心 。 
mno_village_center_door|前 往 村 中 心 。 
mno_village_station_troops|Manage the garrison {s10}
mno_dplmc_village_elder_meeting|会 见 村 长 。 
mno_dplmc_village_elder_meeting_denied|你 没 有 见 过 村 长 。 
mno_gekokujo_labor|在 村 里 找 工 作 。 
mno_village_buy_food|向 村 民 购 买 给 养 。 
mno_dplmc_village_auto_sell|自 动 出 售 物 品 。 
mno_dplmc_village_auto_buy_food|自 动 购 买 食 物 。 
mno_village_attack_bandits|进 攻 强 盗 。 
mno_village_wait|在 这 里 待 一 会 儿 。 
mno_dplmc_village_counter_insurgency|围 剿 叛 军 。 
mno_dplmc_village_negotiate|开 始 谈 判 。 
mno_collect_taxes_qst|为 {s1}{reg5? 继 续 征 税 ， 征 税 }。 
mno_train_peasants_against_bandits_qst|训 练 这 些 农 民 。 
mno_village_hostile_action|做 一 些 带 有 敌 意 的 事 情 。 
mno_village_assign_fief|拿 走 {s1} 这 是 你 的 了 .
mno_village_give_up_fief|放 弃 {s11} .
mno_village_leave|离 开 ...
menu_village_hostile_action|你 现 在 打 算 做 些 什 么 ？ 
mno_village_take_food|强 征 给 养 。 
mno_village_steal_cattle|偷 一 些 牛 。 
mno_village_loot|抢 劫 这 个 村 子 ， 然 后 把 它 夷 为 平 地 ！ 
menu_recruit_volunteers|{s18}
mno_continue_not_enough_gold|我 没 有 足 够 的 钱 ...
mno_recruit_one|招 募 一 个 ({reg8}文 )。 
mno_recruit_two|招 募 两 个 ({reg9}文 )。 
mno_recruit_three|招 募 三 个 ({reg10}文 )。 
mno_recruit_four|招 募 四 个 ({reg11}文 )。 
mno_recruit_five|招 募 五 个 ({reg12}文 )。 
mno_recruit_them|收 编 他 们 ( {reg6}文 ) 。 
menu_village_hunt_down_fugitive_defeated|这 个 世 界 在 你 眼 前 一 暗 。 当 你 再 次 睁 开 眼 睛 的 时 候 ， 你 意 识 到 自 己 浸 泡 在 自 己 的 鲜 血 里 ， 但 幸 运 的 是 ， 你 没 有 一 处 创 伤 是 致 命 的 。 
menu_village_infest_bandits_result|{s9}
menu_village_infestation_removed|经 过 足 以 令 人 传 诵 的 英 勇 的 战 斗 ， 你 和 你 的 同 伴 打 败 了 强 盗 。 这 个 村 子 再 次 安 全 了 。 经 过 他 们 的 抢 劫 以 后 ， 村 民 几 乎 没 有 什 么 东 西 剩 下 了 ， 但 他 们 还 是 拿 出 了 任 何 他 们 有 的 东 西 。 
mno_village_bandits_defeated_accept|我 接 受 你 们 的 赠 品 。 
mno_village_bandits_defeated_cont|你 们 比 我 更 需 要 这 些 东 西 。 你 们 的 感 谢 已 经 足 够 了 。 
menu_center_manage|{s19}^{reg6?^^ 你 现 在 正 在 建 造 {s7}。 这 个 建 筑 将 于 {reg8}{reg9? 日 ， 日 }后 完 成 。 ， }
mno_center_build_manor|建 造 一 个 城 磐 。 
mno_center_build_fish_pond|扩 建 一 片 稻 田 。 
mno_center_build_watch_tower|建 造 一 个 地 头 武 士 聚 集 地 。 
mno_center_build_school|建 造 一 个 神 社 。 
mno_center_build_messenger_post|建 造 一 个 驿 站 。 
mno_center_build_prisoner_tower|建 造 一 个 监 狱 。 
menu_center_improve|{s19}队 员 中 最 高 工 程 技 能 为 {reg2}级 ， 由 此 {reg3? 你 预 期 ， {s3}预 期 }建 造 {s4}要 花 费 {reg5}文 钱 ， 升 级 需 要 {reg6}日 。 
mno_dplmc_improve_cont|继 续 。 ( 由 金 库 支 付 )
mno_improve_cont|继 续 。 
mno_improve_not_enough_gold|没 钱 。 
menu_town_bandits_failed|{s4}{s5}
menu_town_bandits_succeeded|你 如 同 割 麦 子 一 般 干 掉 了 强 盗 ！ 你 再 次 孤 身 一 人 站 在 街 头 ， 在 你 的 周 围 散 布 着 强 盗 们 的 尸 体 ， 看 到 这 一 幕 ， 他 们 的 残 党 惊 慌 地 四 散 而 去 ， 消 失 在 街 道 深 处 。 搜 寻 尸 体 后 你 发 现 了 一 袋 钱 ， 或 者 它 属 于 前 一 个 无 辜 的 牺 牲 者 ， 或 者 是 有 人 想 要 买 你 的 命 。 
menu_village_steal_cattle_confirm|队 员 中 最 高 掠 夺 技 能 为 {reg2}级 ， 由 此 {reg3? 你 预 期 ， {s1}预 期 }你 最 多 可 以 偷 到 {reg4}头 牛 。 
mno_village_steal_cattle_confirm|继 续 。 
menu_village_steal_cattle|{s1}
menu_village_take_food_confirm|强 迫 农 民 们 准 备 好 补 给 品 需 要 花 费 至 少 一 个 小 时 。 
mno_village_take_food_confirm|可 以 。 
menu_village_take_food|村 民 们 勉 强 交 出 了 一 些 给 养 。 
mno_take_supplies|带 走 。 
mno_let_them_keep_it|算 了 。 
menu_village_start_attack|一 些 村 民 拿 起 农 具 准 备 抵 抗 你 的 掠 夺 。 
mno_village_raid_attack|镇 压 他 们 。 
mno_village_raid_leave|离 开 。 
menu_village_loot_no_resist|村 民 们 在 你 的 军 队 前 望 风 而 逃 ， 村 庄 由 你 控 制 了 。 
menu_village_loot_complete|在 你 的 命 令 下 ， 你 的 队 伍 洗 劫 了 这 个 村 子 ， 抢 走 了 所 有 值 钱 的 东 西 ， 将 所 有 的 房 子 付 之 一 炬 。 不 过 所 有 的 收 入 加 起 来 ， 也 才 {reg1}文 钱 。 
menu_village_loot_defeat|村 民 们 以 极 大 的 勇 气 和 决 心 ， 团 结 一 致 ， 赶 跑 了 你 的 军 队 。 
menu_village_loot_continue|你 还 想 继 续 洗 劫 这 个 村 子 吗 ？ 
mno_disembark_yes|是 的 。 
mno_disembark_no|不 。 
menu_close|没 事 。 
menu_town|{s10}{s14}^{s11}{s12}{s13}
mno_castle_castle|进 入 天 守 阁 {s1}。 
mno_castle_castle_door|天 守 阁 大 门 。 
mno_join_tournament|加 入 武 道 大 会 。 
mno_town_castle|进 入 评 定 室 {s1}。 
mno_town_castle_door|城 门 。 
mno_town_center|去 城 下 町 转 转 。 
mno_town_center_door|去 城 下 町 。 
mno_town_tavern|去 居 酒 屋 。 
mno_town_tavern_door|进 入 居 酒 屋 。 
mno_town_merchant|与 商 人 交 谈 。 
mno_town_merchant_door|进 入 商 铺 。 
mno_town_arena|进 入 道 馆 。 
mno_town_arena_door|进 入 道 馆 。 
mno_town_dungeon|勿 点 ， 进 入 地 牢 。 
mno_town_dungeon_door|地 牢 大 门 。 
mno_castle_inspect|视 察 城 。 
mno_castle_inspect_door|去 城 内 部 。 
mno_town_purchasable_troops1|招 募 法 国 海 军 陆 战 队 (1430 文 )
mno_town_purchasable_troops2|招 募 英 国 海 军 陆 战 队 (1370 文 )
mno_town_purchasable_troops3|招 募 美 国 海 军 陆 战 队 (1340 文 )
mno_town_purchasable_troops4|招 募 游 击 队 (1070 文 )
mno_town_purchasable_troops5|招 募 奇 兵 队 (1030 文 )
mno_town_purchasable_troops6|招 募 京 都 巡 捕 队 (750 文 )
mno_town_purchasable_troops7|招 募 新 选 组 (1110 文 )
mno_town_purchasable_troops8|招 募 土 佐 步 枪 兵 (1030 文 )
mno_town_purchasable_troops9|雇 佣 特 殊 兵 种 
mno_town_purchasable_troops10|雇 佣 纪 州 忍 者 (1420 文 )
mno_town_purchasable_troops_end|雇 佣 特 殊 兵 种 
mno_town_purchasable_troopsNO|招 募 英 国 海 军 陆 战 队 (1370 文 )
mno_town_enterprise|访 问 你 的 {s3}。 
mno_town_enterprise_door|访 问 你 的 作 坊 。 
mno_visit_lady|尝 试 拜 访 一 位 女 士 。 
mno_visit_lady_door|花 园 大 门 。 
mno_trade_with_merchants|去 市 。 
mno_walled_center_manage|管 理 这 个 {reg0? 领 国 ， 城 }。 
mno_walled_center_move_court|移 都 到 这 里 。 
mno_castle_station_troops|管 理 {s10}驻 军 
mno_dplmc_castle_give_troops|给 驻 军 一 些 士 兵 。 ( 无 法 拿 回 )
mno_castle_wait|在 这 里 休 息 一 会 儿 {s1}。 
mno_dplmc_guild_master_meeting|会 见 奉 行 。 
mno_dplmc_guild_master_meeting_denied|你 没 有 见 过 奉 行 。 
mno_town_assign_fief|拿 走 {s1} 这 是 你 的 了 。 
mno_town_give_up_fief|放 弃 {s11}。 
mno_town_leave|离 开 ...
mno_town_leave_door|离 开 此 地 。 
menu_cannot_enter_court|城 里 正 在 举 行 一 场 茶 会 ， 但 是 你 还 没 有 足 够 资 格 进 入 。 或 者 想 办 法 增 加 声 望 来 赢 得 入 场 券 ， 或 者 在 武 道 大 会 上 胜 出 也 是 个 捷 径 。 
menu_lady_visit|你 想 要 拜 访 谁 呢 ？ 
mno_visit_lady_1|拜 访 {s12}
mno_visit_lady_2|拜 访 {s12}
mno_visit_lady_3|拜 访 {s12}
mno_visit_lady_4|拜 访 {s12}
mno_visit_lady_5|拜 访 {s12}
mno_visit_lady_6|拜 访 {s12}
mno_visit_lady_7|拜 访 {s12}
mno_visit_lady_8|拜 访 {s12}
menu_town_tournament_lost|你 在 武 道 大 会 中 被 淘 汰 了 。 {s8}
menu_town_tournament_won|你 赢 得 了 {s3}的 比 武 大 赛 ！ 当 人 群 欢 呼 你 的 名 字 时 ， 你 心 中 充 满 了 自 豪 。 除 了 荣 誉 、 声 望 和 荣 耀 ， 你 还 获 得 了 {reg9}文 钱 的 奖 金 。 {s8}
menu_town_tournament_won_by_another|作 为 当 日 最 终 的 胜 利 的 {reg3? 人 ， 人 }， {s1}赢 得 了 该 场 武 道 大 会 的 奖 金 以 及 荣 誉 。 
menu_town_tournament|{s1}你 现 在 处 于 武 道 大 会 中 的 第 {reg0}轮 ， 现 在 还 剩 有 {reg1}名 参 与 者 。 下 一 轮 中 ， 将 会 有 {reg2}队 ， 其 中 每 队 有 {reg3}{reg4? 人 ， 人 }参 加 战 斗 。 
mno_tournament_view_participants|察 看 参 与 者 名 单 。 
mno_tournament_bet|在 自 己 身 上 下 注 。 
mno_tournament_join_next_fight|进 入 下 一 轮 。 
mno_leave_tournament|从 武 道 大 会 中 退 出 。 
menu_tournament_withdraw_verify|你 确 认 要 从 武 道 大 会 中 退 出 吗 ？ 
mno_tournament_withdraw_yes|是 的 ， 这 是 毫 无 希 望 的 努 力 。 
mno_tournament_withdraw_no|不 ， 只 要 还 有 一 丝 机 会 胜 利 ！ 
menu_tournament_bet|现 在 的 比 率 是 {reg5}比 {reg6}。 {reg1? 你 已 经 在 自 己 身 上 下 了 {reg1}文 钱 的 赌 注 ， 如 果 你 获 得 优 胜 的 话 ， 你 将 会 赢 得 {reg2}文 钱 。 ， }你 还 想 再 赌 多 少 ？ 
mno_bet_100_denars|500文 
mno_bet_50_denars|250文 
mno_bet_20_denars|100文 
mno_bet_10_denars|50文 
mno_bet_5_denars|25文 
menu_tournament_bet_confirm|如 果 你 下 {reg1}文 的 赌 注 的 话 ， 在 你 获 得 优 胜 时 ， 你 将 会 赢 得 {reg2}文 。 这 样 可 以 吗 ？ 
mno_tournament_bet_accept|可 以 。 
mno_tournament_bet_cancel|算 了 。 
menu_tournament_participants|你 从 一 位 正 在 哭 泣 的 失 败 者 那 里 打 听 到 了 这 场 武 道 大 赛 中 参 与 者 的 名 单 。 他 们 是 ， ^{s11}
menu_collect_taxes|队 员 中 最 高 交 易 技 能 为 {reg2}级 ， 由 此 {reg3? 你 预 期 ， {s1}预 期 }需 要 {reg4}天 来 完 成 征 税 ...
mno_start_collecting|开 始 征 收 。 
mno_collect_later|待 会 再 说 。 
menu_collect_taxes_complete|你 从 {s3}征 收 了 {reg3}文 的 税 款 。 {s19}期 待 你 把 这 些 钱 带 去 给 他 。 
menu_collect_taxes_rebels_killed|你 成 功 地 镇 压 了 反 抗 。 任 何 想 站 起 来 反 抗 的 人 将 会 惧 怕 并 再 三 考 虑 的 。 
menu_collect_taxes_failed|你 从 {s3}征 收 了 {reg3}文 的 税 款 的 时 候 ， 一 场 反 抗 爆 发 了 。 现 在 你 不 得 不 带 着 这 些 税 款 前 去 给 {s1}， 虽 然 他 可 能 会 很 失 望 ， 不 过 总 比 一 点 都 没 收 到 要 好 的 多 ...
menu_collect_taxes_revolt_warning|{s3}的 人 们 对 你 要 求 的 高 税 款 表 示 强 烈 的 义 愤 。 如 果 你 继 续 压 迫 他 们 ， 他 们 将 准 备 起 来 反 抗 。 
mno_continue_collecting_taxes|依 然 像 以 前 那 样 征 税 。 
mno_halve_taxes|同 意 减 轻 一 半 的 税 款 。 ( {s1}也 许 会 不 满 ) 。 
menu_collect_taxes_revolt|当 你 在 {s3}收 取 税 款 的 时 候 ， 突 然 看 见 一 大 群 愤 怒 的 {reg9? 农 民 ， 居 民 }已 经 对 你 提 出 的 高 税 款 忍 无 可 忍 ， 正 挥 舞 着 火 把 和 武 器 逐 渐 向 你 逼 近 。 这 是 要 向 你 开 战 ！ 
menu_train_peasants_against_bandits|队 员 中 最 高 训 练 技 能 为 {reg2}级 ， 由 此 {reg3? 你 预 期 ， {s1}预 期 }需 要 {reg4}小 时 来 进 行 理 论 讲 解 ， 使 这 些 农 民 变 成 英 勇 的 战 士 。 在 这 期 间 他 们 将 会 学 到 战 斗 的 基 本 知 识 以 及 如 何 去 沉 着 冷 静 地 应 对 一 切 战 斗 。 
mno_make_preparation|训 练 他 们 。 
mno_train_later|待 会 再 说 。 
menu_train_peasants_against_bandits_ready|你 对 那 些 农 民 们 进 行 了 一 些 最 基 本 的 训 练 ， 你 认 为 他 们 中 的 {reg0}人 {reg1? 已 经 ， 已 经 }完 全 地 掌 握 了 训 练 的 内 容 ， {reg1? 他 们 ， 他 }已 经 准 备 好 进 行 实 战 演 习 了 。 
mno_peasant_start_practice|开 始 演 习 。 
menu_train_peasants_against_bandits_training_result|{s0}
menu_train_peasants_against_bandits_attack|当 你 准 备 继 续 训 练 的 时 候 ， 一 个 从 村 子 里 来 的 卫 兵 向 你 奔 来 ， 呼 喊 着 告 急 。 那 些 强 盗 已 经 出 现 在 视 野 里 ， 正 向 {s3}奔 去 。 村 长 恳 求 你 组 织 那 些 你 训 练 的 民 兵 去 抵 抗 他 们 。 
mno_peasants_against_bandits_attack_resist|准 备 开 战 吧 ！ 
menu_train_peasants_against_bandits_attack_result|{s9}
menu_train_peasants_against_bandits_success|这 些 强 盗 被 打 败 了 ！ 那 些 还 活 着 的 和 意 识 还 清 醒 的 都 夹 着 尾 巴 逃 跑 了 ， 他 们 惧 怕 这 些 农 民 和 他 们 的 新 教 官 。 经 过 他 们 的 抢 劫 以 后 ， 村 民 几 乎 没 有 什 么 东 西 剩 下 了 ， 但 他 们 还 是 拿 出 了 任 何 他 们 有 的 东 西 以 表 达 感 激 之 情 。 
menu_disembark|想 上 岸 吗 ？ 
menu_ship_reembark|想 上 船 吗 ？ 
mno_reembark_yes|是 的 。 
mno_reembark_no|不 。 
menu_center_reports|镇 名 ， {s1}^ 租 金 收 入 ， {reg1}文 ^ 税 收 ， {reg2}文 ^ 食 物 储 备 ， 供 应 {reg3}日 
mno_to_price_and_productions|报 告 价 格 与 产 品 。 
menu_price_and_production|产 品 有 ， ^( 提 示 ， 基 础 的 / 原 材 料 加 工 而 来 的 / 材 料 加 工 并 加 以 修 饰 的 )^{s1}^^价 格 因 素 有 ， ^{s2}
menu_town_trade|你 向 市 场 走 去 。 
mno_auto_sell|自 动 出 售 物 品 。 
mno_assess_prices|估 价 。 
mno_trade_with_arms_merchant|与 武 器 商 人 交 易 。 
mno_trade_with_armor_merchant|与 制 甲 匠 交 易 。 
mno_trade_with_horse_merchant|与 马 匹 贩 子 交 易 。 
mno_trade_with_goods_merchant|进 入 座 交 易 。 
mno_auto_buy_food|自 动 购 买 食 物 。 
mno_town_artillery|从 工 厂 采 购 加 农 炮 。 
mno_town_foreign_gunsmith|和 外 国 军 火 商 交 易 。 
mno_back_to_town_menu|返 回 。 
menu_dplmc_trade_auto_sell_begin|NPC 物 品 栏 里 被 选 择 为 可 自 动 出 售 类 型 且 出 售 价 格 低 于 {reg1}文 钱 的 物 品 将 被 自 动 出 售 给 当 前 {reg2?城 镇 ， 村 庄 }的 {reg2?所 有 商 人 ， 长 老 }。 特 别 地 ， 食 物 ， 交 易 品 和 书 籍 绝 不 会 被 自 动 出 售 。 ^^你 可 以 在 这 里 改 变 相 关 设 定 。 
mno_change_settings|改 变 设 定 。 
menu_dplmc_trade_auto_buy_food_begin|你 将 从 这 儿 的 商 人 那 里 根 据 食 物 购 置 清 单 自 动 购 买 食 物 。 你 要 继 续 吗 ？ 你 可 以 在 这 里 查 看 并 设 置 你 的 购 物 清 单 。 
mno_dplmc_change_shopping_list_of_food|更 改 食 物 购 置 清 单 。 
menu_town_trade_assessment_begin|你 偶 然 听 到 了 一 些 关 于 物 品 价 格 的 情 报 。 ^你 试 着 从 这 些 情 报 中 寻 找 到 一 些 有 用 的 东 西 。 
menu_town_trade_assessment|队 员 中 最 高 交 易 技 能 为 {reg2}级 ， {reg3? 你 尝 试 算 出 利 润 最 高 的 商 品 ， {s1}尝 试 算 出 利 润 最 高 的 商 品 }。 {s2}
menu_sneak_into_town_suceeded|假 装 成 穿 着 破 烂 的 乞 丐 ， 你 骗 过 了 守 卫 ， 顺 利 的 混 入 城 里 。 
menu_sneak_into_town_caught|在 你 尝 试 溜 进 去 时 ， 一 名 守 卫 发 现 了 你 并 发 出 了 警 报 ！ 你 必 须 在 所 有 守 卫 都 开 始 搜 捕 你 之 前 从 大 门 逃 出 去 。 
mno_sneak_caught_fight|杀 出 一 条 血 路 ！ 
mno_sneak_caught_surrender|投 降 。 
menu_sneak_into_town_caught_dispersed_guards|你 轻 易 的 甩 掉 了 守 卫 ， 消 失 在 街 道 的 深 处 。 
menu_sneak_into_town_caught_ran_away|你 杀 开 一 条 血 路 终 于 夺 关 而 走 ， 迅 速 逃 到 了 郊 外 的 安 全 地 带 。 {s11}
menu_enemy_offer_ransom_for_prisoner|{s2}想 用 {reg12}文 钱 与 你 交 换 {s1}。 
mno_ransom_accept|接 受 这 个 建 议 。 
mno_ransom_reject|拒 绝 这 个 建 议 。 
menu_training_ground|你 到 达 了 训 练 场 。 在 这 里 你 可 以 提 升 你 的 战 斗 技 巧 。 你 想 要 进 行 哪 种 训 练 ？ 
mno_camp_trainer|和 师 范 交 谈 。 
mno_camp_train_melee|对 战 练 习 。 
mno_camp_train_archery|射 击 练 习 。 
mno_camp_train_mounted|骑 乘 练 习 。 
menu_training_ground_selection_details_melee_1|你 想 要 同 时 面 对 几 个 对 手 ？ 
mno_camp_train_melee_num_men_1|一 。 
mno_camp_train_melee_num_men_2|二 。 
mno_camp_train_melee_num_men_3|三 。 
mno_camp_train_melee_num_men_4|四 。 
menu_training_ground_selection_details_melee_2|选 择 你 的 {reg1}号 对 手 ， 
mno_training_ground_selection_details_melee_random|随 机 选 择 。 
menu_training_ground_selection_details_mounted|你 想 要 用 哪 种 武 器 进 行 训 练 ？ 
mno_camp_train_mounted_details_1|单 手 。 
mno_camp_train_mounted_details_2|长 杆 。 
mno_camp_train_mounted_details_3|弓 箭 。 
mno_camp_train_mounted_details_4|投 掷 。 
menu_training_ground_selection_details_ranged_1|你 想 要 用 哪 种 远 程 武 器 进 行 训 练 ？ 
mno_camp_train_ranged_weapon_bow|弓 箭 。 
mno_camp_train_ranged_weapon_crossbow|弩 。 
mno_camp_train_ranged_weapon_thrown|手 里 剑 。 
menu_training_ground_selection_details_ranged_2|你 想 要 在 距 标 靶 多 远 的 距 离 练 习 ？ 
mno_camp_train_ranged_details_1|10 米 。 
mno_camp_train_ranged_details_2|20 米 。 
mno_camp_train_ranged_details_3|30 米 。 
mno_camp_train_ranged_details_4|40 米 。 
mno_camp_train_ranged_details_5|50 米 。 
mno_camp_train_ranged_details_6|60 米 。 
mno_camp_train_ranged_details_7|70 米 。 
menu_training_ground_description|{s0}
menu_training_ground_training_result|{s7}{s2}
menu_marshall_selection_candidate_ask|{s15}马 上 要 为 {s23}选 择 一 个 总 大 将 。 一 些 同 僚 提 名 让 你 做 候 选 人 。 
mno_marshall_candidate_accept|让 {s15}知 道 你 想 做 总 大 将 。 
mno_marshall_candidate_reject|告 诉 所 有 人 这 些 天 你 太 忙 了 。 
menu_captivity_avoid_wilderness|整 个 世 界 在 你 眼 前 一 黑 。 几 个 小 时 过 后 你 恢 复 了 意 识 ， 发 现 你 自 己 躺 在 你 倒 下 的 地 方 。 你 的 敌 人 一 定 以 为 你 死 了 ， 才 把 你 留 在 原 地 。 不 论 怎 样 ， 似 乎 你 身 上 的 伤 没 有 一 处 是 致 命 的 ， 虽 然 你 感 到 很 虚 弱 ， 但 是 你 发 现 你 自 己 还 是 勉 强 可 以 坚 持 站 起 来 行 走 。 你 站 起 来 并 努 力 搜 寻 你 队 伍 里 的 幸 存 者 。 
menu_captivity_start_wilderness|Stub
menu_captivity_start_wilderness_surrender|Stub
menu_captivity_start_wilderness_defeat|你 被 敌 人 俘 虏 了 。 
menu_captivity_start_castle_surrender|Stub
menu_captivity_start_castle_defeat|Stub
menu_captivity_start_under_siege_defeat|你 被 敌 人 俘 虏 了 。 
menu_gekokujo_captivity_avoid|你 的 手 下 牺 牲 自 己 的 生 命 来 防 止 你 被 捕 ！ 他 们 为 你 尽 了 他 们 的 职 责 ， 但 你 是 否 为 他 们 做 了 你 的 责 任 ？ 
menu_captivity_wilderness_taken_prisoner|你 被 敌 人 俘 虏 了 。 
menu_captivity_wilderness_check|Stub
menu_captivity_end_wilderness_escape|经 过 了 几 天 痛 苦 的 俘 虏 生 活 。 你 找 了 个 机 会 逃 跑 了 ！ 
menu_captivity_castle_taken_prisoner|卫 兵 们 包 围 了 你 ， 夺 下 了 你 的 武 器 。 他 们 咒 骂 着 把 你 丢 进 了 地 牢 ， 接 下 来 有 你 受 的 了 。 
menu_captivity_rescue_lord_taken_prisoner|你 在 自 己 的 身 份 暴 露 之 前 一 直 伪 装 成 僧 侣 ， 这 激 怒 了 那 些 守 卫 。 他 们 狂 暴 而 粗 鲁 地 痛 打 你 ， 不 知 道 过 了 多 长 时 间 以 后 才 停 息 下 来 ...
menu_captivity_castle_check|Stub
menu_captivity_end_exchanged_with_prisoner|经 过 了 数 天 的 关 押 ， 抓 你 的 人 用 你 交 换 了 他 们 的 一 名 俘 虏 ， 你 自 由 了 。 
menu_captivity_end_propose_ransom|在 阴 暗 的 地 牢 中 不 知 道 过 了 多 久 以 后 ， 抓 你 的 人 给 了 你 一 个 选 择 ， 从 你 藏 钱 的 地 方 交 出 {reg5}文 ， 他 们 就 会 放 了 你 。 你 决 定 ...
mno_captivity_end_ransom_accept|接 受 这 个 建 议 。 
mno_captivity_end_ransom_deny|等 待 更 好 的 机 会 。 
menu_captivity_castle_remain|时 光 流 逝 ， 你 在 监 牢 里 痛 苦 的 忍 受 着 被 囚 禁 的 痛 苦 ， 还 有 轻 蔑 的 笑 话 ...
menu_kingdom_army_quest_report_to_army|{s8}邀 请 你 一 起 去 参 加 {reg4?她 ， 他 }的 远 征 。 你 需 要 带 上 至 少 {reg13}名 战 士 ， 如 果 现 在 不 够 的 话 ， 你 需 要 尽 快 达 到 要 求 的 人 数 。 
menu_kingdom_army_quest_messenger|{s8}派 信 使 来 告 诉 你 ， 他 要 给 你 指 定 一 个 任 务 ， 并 要 求 你 尽 快 去 见 他 。 
menu_kingdom_army_quest_join_siege_order|{s8}派 信 使 来 命 令 你 加 入 对 于 {s9}的 围 攻 。 不 论 付 出 多 大 的 代 价 都 必 须 拿 下 {s9}。 
menu_kingdom_army_follow_failed|你 和 {s8}走 散 了 。 元 帅 认 为 你 可 能 另 有 要 务 ， 不 过 他 对 于 你 的 支 持 还 是 表 示 感 激 。 
menu_invite_player_to_faction_without_center|你 收 到 了 一 份 效 忠 邀 请 ！ ^^{s9}的 {s8}派 遣 了 一 个 信 使 来 递 送 这 份 邀 请 。 你 将 成 为 {s9}的 一 位 家 臣 ， 从 此 被 人 以 大 人 称 呼 ， 但 是 并 没 有 给 予 你 封 地 以 及 额 外 的 头 衔 。 {s8}要 求 你 宣 誓 对 他 效 忠 并 与 他 一 起 加 入 他 的 远 征 。 如 果 你 不 同 意 这 个 请 求 的 话 他 一 定 会 被 激 怒 的 ...
mno_faction_accept|接 受 邀 请 ！ 
mno_faction_reject|拒 绝 邀 请 。 
menu_invite_player_to_faction|你 收 到 了 一 份 效 忠 邀 请 ！ ^^{s9}的 {s8}派 遣 了 一 个 谱 代 家 臣 来 亲 自 递 送 这 份 邀 请 。 你 将 成 为 {s9}的 一 位 家 臣 ， 从 此 被 人 以 大 人 称 呼 ， 当 然 作 为 回 报 {s8}要 求 你 宣 誓 对 他 效 忠 并 与 他 一 起 加 入 他 的 远 征 。 他 许 诺 给 你 {s2}的 封 地 和 头 衔 ， 如 果 你 不 同 意 这 个 请 求 的 话 他 一 定 会 被 激 怒 的 ...
menu_invite_player_to_faction_accepted|如 果 你 想 要 成 为 封 臣 的 话 你 必 须 去 找 {s3}宣 誓 。 {s5}
menu_question_peace_offer|你 收 到 了 一 份 停 战 的 邀 请 ^^{s1}发 给 你 一 份 停 战 邀 请 。 你 将 如 何 回 复 ？ 
mno_peace_offer_accept|接 受 
mno_dplmc_peace_offer_terms|提 出 停 战 条 件 。 
mno_peace_offer_reject|拒 绝 
menu_notification_truce_expired|停 战 协 定 到 期 ^^{s1}和 {s2}之 间 的 停 战 协 定 已 经 到 期 。 
menu_notification_feast_quest_expired|{s10}
menu_notification_sortie_possible|敌 报 ， 已 经 在 {s4}的 城 墙 外 发 现 敌 人 。 {s5}和 其 他 领 主 正 准 备 出 击 。 如 果 愿 意 的 话 你 可 以 加 入 他 们 。 
menu_notification_casus_belli_expired|家 族 没 有 回 应 ^^{s1}没 有 回 应 {s2}的 挑 衅 ， 这 导 致 {s3}在 {reg4? 她 ， 他 }手 下 的 好 战 派 中 威 信 扫 地 ... ^
menu_notification_lord_defects|背 叛 ， {s4}已 经 抛 弃 了 {s5}并 且 加 入 了 {s7}， 带 着 {reg4?她 ， 他 }的 封 地 一 起 
menu_notification_treason_indictment|叛 国 控 告 ^^{s9}
menu_notification_border_incident|边 界 冲 突 ^^ 有 消 息 传 来 ， {s9}。 虽 然 传 言 真 假 未 知 ， 但 有 件 事 是 确 定 的 ， 这 件 看 来 很 小 的 事 件 在 {s4}内 部 已 经 掀 起 轩 然 大 波 ， 使 得 与 {s3}的 战 争 一 触 即 发 ...
menu_notification_player_faction_active|现 在 ， 这 片 土 地 被 冠 以 你 的 名 字 ， 而 不 跟 其 他 家 族 有 任 何 关 系 。 你 成 为 了 一 位 能 独 立 行 使 权 力 的 大 名 ， 你 的 织 暂 时 坐 落 在 {s12}。 然 而 ， 列 岛 其 他 大 名 的 第 一 反 应 ， 是 把 你 当 做 一 个 威 胁 ， 因 为 ， 如 果 每 一 个 强 势 的 领 主 ， 都 可 以 夺 取 领 国 ， 那 么 大 名 的 权 威 无 疑 会 受 到 质 疑 。 ^^你 可 能 觉 得 这 个 时 候 宣 誓 效 忠 于 一 个 现 有 的 国 家 ， 是 个 非 常 不 错 的 选 择 。 如 果 你 想 继 续 当 一 个 拥 有 主 权 的 大 名 ， 那 么 首 先 你 必 须 建 立 自 己 独 立 的 统 治 权 。 这 可 以 通 过 多 个 办 法 进 行 ， 比 如 与 出 身 高 贵 的 家 族 联 姻 ， 吸 纳 新 的 领 主 ， 管 理 你 的 领 地 ， 应 付 其 他 家 督 ， 以 及 派 遣 你 的 盟 友 去 执 行 任 务 。 ^^无 论 如 何 ， 你 首 先 要 从 你 的 盟 友 当 中 ， 任 命 一 位 家 老 ， 来 处 理 各 种 事 务 。 不 同 的 盟 友 有 不 同 的 才 能 。 ^你 可 以 不 时 地 更 换 你 的 家 老 人 选 ， 还 可 以 通 过 与 家 老 对 话 ， 改 变 你 的 宫 廷 的 所 在 地 。 
mno_appoint_spouse|任 命 你 的 夫 人 ， {s10} ...
mno_dplmc_appoint_spouse_plus_1|任 命 你 的 {reg0?夫 人 ， 丈 夫 }, {s10}...
mno_appoint_npc1|任 命 {s10}
mno_appoint_npc2|任 命 {s10}
mno_appoint_npc3|任 命 {s10}
mno_appoint_npc4|任 命 {s10}
mno_appoint_npc5|任 命 {s10}
mno_appoint_npc6|任 命 {s10}
mno_appoint_npc7|任 命 {s10}
mno_appoint_npc8|任 命 {s10}
mno_appoint_npc9|任 命 {s10}
mno_appoint_npc10|任 命 {s10}
mno_appoint_npc11|任 命 {s10}
mno_appoint_npc12|任 命 {s10}
mno_appoint_npc13|任 命 {s10}
mno_appoint_npc14|任 命 {s10}
mno_appoint_npc15|任 命 {s10}
mno_appoint_npc16|任 命 {s10}
mno_appoint_npc17|任 命 {s10}
mno_appoint_npc18|任 命 {s10}
mno_appoint_npc19|任 命 {s10}
mno_appoint_npc20|任 命 {s10}
mno_appoint_npc21|任 命 {s10}
mno_appoint_npc22|任 命 {s10}
mno_appoint_default|任 命 当 地 的 杰 出 人 才 。 
menu_minister_confirm|{s9}正 在 你 {s12}的 大 厅 里 。 你 要 时 时 考 虑 避 免 一 些 未 确 定 的 ， 会 削 弱 你 的 权 力 的 争 议 。 
menu_notification_court_lost|{s12}
menu_notification_player_faction_deactive|你 的 领 国 失 去 了 所 有 的 领 地 。 
menu_notification_player_wedding_day|{s8}想 告 诉 你 ， 将 于 {s10}举 行 的 你 的 婚 礼 ， 已 经 准 备 就 绪 ， 期 待 你 尽 快 出 席 。 
menu_notification_player_kingdom_holds_feast|{s11}
menu_notification_center_under_siege|{s1}被 {s3}的 {s2}围 攻 了 ！ 
menu_notification_village_raided|敌 人 袭 击 了 你 的 领 地 ^^{s1}被 {s3}的 {s2}洗 劫 了 ！ 
menu_notification_village_raid_started|你 的 村 子 正 受 到 袭 击 ！ ^^{s3}的 {s2}正 在 破 坏 {s1}。 
menu_notification_one_faction_left|日 本 列 岛 被 一 个 势 力 征 服 了 ^^{s1}击 败 所 有 对 手 ， 建 立 了 一 个 统 一 的 列 岛 。 
menu_notification_oath_renounced_faction_defeated|你 从 前 属 于 的 势 力 被 击 败 了 ^^ 你 赢 得 了 对 于 {s1}的 战 斗 ！ 你 从 这 个 势 力 中 脱 离 了 出 去 。 
menu_notification_center_lost|领 地 失 去 ^^ 因 为 {s2}你 失 去 了 {s1}。 
menu_notification_troop_left_players_faction|背 叛 ！ ^^ {s1}从 {s2}离 开 了 ， 并 入 仕 了 {s3}。 
menu_notification_troop_joined_players_faction|好 消 息 ！ ^^ {s1}从 {s2}离 开 了 ， 并 入 仕 了 {s3}。 
menu_notification_war_declared|宣 战 ^^{s1}向 {s2}宣 战 ！ 
menu_notification_peace_declared|和 平 协 议 ^^{s1}和 {s2}达 成 了 和 平 协 议 ！ ^{s57}
menu_notification_faction_defeated|家 族 灭 亡 ^^{s1}不 复 存 在 了 ！ 
menu_notification_rebels_switched_to_faction|成 功 叛 变 ^^ 你 的 叛 变 十 分 成 功 ！ 现 在 你 的 势 力 将 {s12}定 为 {s11}唯 一 的 领 主 。 
menu_notification_player_should_consult|你 的 家 老 传 话 来 说 ， 家 族 内 部 有 些 问 题 正 在 酝 酿 ， 如 果 不 处 理 的 话 会 逐 渐 威 胁 到 你 的 统 治 权 。 你 必 须 尽 早 与 他 磋 商 一 下 。 
menu_notification_player_feast_in_progress|筹 备 茶 会 ^^ 你 的 夫 人 正 在 {s11}的 大 厅 里 筹 备 茶 会 。 
menu_notification_lady_requests_visit|一 位 老 妇 人 找 到 了 你 的 部 队 ， 给 了 你 手 下 一 封 密 信 。 是 写 给 你 的 。 当 你 打 开 这 封 信 时 ， 发 现 是 {s15}写 来 的 。 上 面 说 ， “ 上 次 来 访 ， 相 聚 甚 欢 。 {s14}。 我 现 在 {s10}， {s12}。 ”
menu_garden|{s12}
mno_nurse|在 阁 楼 前 等 待 
menu_kill_local_merchant_begin|你 探 明 你 的 猎 物 转 弯 走 进 了 一 条 背 街 的 巷 子 。 这 将 是 你 袭 击 他 的 最 好 时 机 。 
menu_debug_alert_from_s65|调 试 警 报 ， {s65}
menu_auto_return_to_map|树 桩 
menu_bandit_lair|{s3}
mno_continue_1|进 攻 贼 巢 ...
mno_leave_no_attack|离 开 ...
mno_leave_victory|继 续 ...
mno_leave_defeat|继 续 ...
menu_notification_player_faction_political_issue_resolved|经 过 和 家 臣 们 的 商 议 ， {s10}已 经 决 定 授 予 {s12}{s11}。 
menu_notification_player_faction_political_issue_resolved_for_player|经 过 和 家 臣 们 的 商 议 ， {s10}已 经 决 定 授 予 你 {s11}。 你 可 以 拒 绝 这 项 任 命 ， 但 是 这 也 许 意 味 着 短 时 间 内 你 不 会 再 收 到 其 它 任 何 授 予 。 {s12}
mno_accept|接 受 任 命 
mno_decline|拒 绝 任 命 
menu_start_phase_3|{s16}^^ 当 来 到 {s1}的 旅 馆 的 时 候 ， 你 已 经 疲 惫 不 堪 ， 很 快 就 睡 着 了 。 然 而 ， 在 黎 明 来 临 之 前 你 就 醒 来 了 ， 迫 不 及 待 地 打 量 着 四 周 的 环 境 。 你 大 胆 地 走 上 了 无 人 的 街 头 。 突 然 ， 你 听 到 了 一 个 声 音 ， 脖 子 上 的 汗 毛 不 由 得 全 竖 了 起 来 ， 那 是 刀 剑 出 鞘 的 刺 耳 的 声 音 ...
menu_start_phase_4|{s11}
menu_lost_tavern_duel|{s11}
menu_establish_court|要 将 {s4}建 为 你 的 都 城 需 要 重 新 翻 修 一 番 。 具 体 来 说 ， 你 需 要 一 套 工 具 以 及 一 卷 绸 缎 。 也 许 还 需 要 花 点 时 间 来 让 你 的 一 些 部 下 重 新 部 署 一 下 这 里 。 你 要 继 续 吗 ？ 
mno_establish|将 {s4}建 为 你 的 都 城 
menu_notification_relieved_as_marshal|{s4}想 要 通 知 你 不 再 需 要 你 继 续 担 当 总 大 将 之 职 了 。 不 过 ， 在 过 去 的 {reg4}天 里 你 为 了 国 家 的 利 益 表 现 英 勇 ， 为 了 表 示 对 你 的 敬 意 ， {reg8?她 ， 他 }赏 赐 给 你 {reg5}文 。 
menu_dplmc_manage_loot_pool|{s10}
mno_dplmc_auto_loot|让 你 的 英 雄 从 战 利 品 中 选 择 装 备 。 
mno_dplmc_auto_loot_no|物 品 栏 没 有 足 够 的 空 间 来 完 成 装 备 的 自 动 升 级 了 。 
mno_dplmc_loot|查 看 战 利 品 。 
mno_dplmc_auto_loot_upgrade_management|管 理 NPC的 装 备 升 级 方 案 。 
mno_dplmc_leave|{s20}
mno_dplmc_leave_and_take_a|拾 取 地 上 {reg20}件 物 品 中 的 {reg0}件 后 离 开 。 
mno_dplmc_leave_and_take_b|拾 取 地 上 余 下 的 {reg20}件 {reg0?物 品 ， 物 品 }后 离 开 。 
mno_dplmc_leave_and_take_c|物 品 栏 空 间 不 足 。 
menu_dplmc_auto_loot|你 的 英 雄 会 自 动 的 从 物 品 栏 里 拿 走 他 们 被 提 前 设 定 过 的 所 需 要 的 物 品 。 处 在 部 队 列 表 里 靠 前 面 的 英 雄 会 首 先 选 择 物 品 。 所 有 不 再 需 要 的 装 备 会 放 回 到 战 利 品 中 。 你 确 认 要 这 样 做 吗 ？ 
mno_dplmc_autoloot_no|不 ， 我 改 变 主 意 了 。 
mno_dplmc_autoloot_yes|对 ， 就 这 样 做 。 
menu_dplmc_notification_alliance_declared|同 盟 成 立 。 {s1}和 {s2}已 经 结 盟 ！ ^{s57}
mno_dplmc_continue|继 续 
menu_dplmc_notification_defensive_declared|防 御 条 约 。 ^^{s1}和 {s2}已 经 达 成 防 御 协 定 ！ ^{s57}
menu_dplmc_notification_trade_declared|贸 易 条 约 。 ^^{s1}和 {s2}签 订 了 一 项 贸 易 协 议 ！ ^{s57}
menu_dplmc_notification_nonaggression_declared|互 不 侵 犯 条 约 。 ^^{s1}和 {s2}签 订 了 互 不 侵 犯 条 约 ！ ^{s57}
menu_dplmc_question_alliance_offer|你 收 到 了 一 封 联 盟 请 求 书 ！ ^^{s1}希 望 和 你 达 成 联 盟 。 你 的 答 复 是 什 么 ？ 
mno_dplmc_alliance_offer_accept|接 受 
mno_dplmc_alliance_offer_reject|拒 绝 
menu_dplmc_question_defensive_offer|你 收 到 了 一 封 防 御 协 定 书 ！ ^^{s1}希 望 和 你 达 成 一 项 防 御 协 定 。 你 的 答 复 是 什 么 ？ 
mno_dplmc_defensive_offer_accept|接 受 
mno_dplmc_defensive_offer_reject|拒 绝 
menu_dplmc_question_trade_offer|你 收 到 了 一 封 贸 易 协 定 书 ！ ^^{s1}希 望 和 你 达 成 贸 易 协 定 。 你 的 答 复 是 什 么 ？ 
mno_dplmc_trade_offer_accept|接 受 
mno_dplmc_trade_offer_reject|拒 绝 
menu_dplmc_question_nonaggression_offer|你 收 到 了 一 封 互 不 侵 犯 协 定 书 ！ ^^{s1}希 望 和 你 签 订 互 不 侵 犯 条 约 。 你 的 答 复 是 什 么 ？ 
mno_dplmc_nonaggression_offer_accept|接 受 
mno_dplmc_nonaggression_offer_reject|拒 绝 
menu_dplmc_notification_alliance_expired|联 盟 协 定 已 过 期 ^^{s1}和 {s2}的 联 盟 有 效 期 已 过 。 现 在 变 成 了 一 份 防 御 协 定 。 
menu_dplmc_notification_defensive_expired|防 御 协 定 已 过 期 ^^{s1}和 {s2}的 防 御 协 定 有 效 期 已 过 。 现 在 变 成 了 一 份 贸 易 协 定 。 
menu_dplmc_notification_trade_expired|贸 易 协 定 已 过 期 ^^{s1}和 {s2}的 贸 易 协 定 有 效 期 已 过 。 现 在 变 成 了 一 份 互 不 侵 犯 协 定 。 
menu_dplmc_dictate_terms|决 定 你 的 停 战 条 款 。 
mno_dplmc_demand_4000|索 要 4000 文 。 
mno_dplmc_demand_8000|索 要 8000 文 。 
mno_dplmc_demand_castle|要 求 割 让 {s2}。 
mno_dplmc_go_back|返 回 。 
menu_dplmc_deny_terms|{s1}拒 绝 了 你 的 条 款 而 使 谈 判 破 裂 。 
menu_dplmc_village_riot_result|{s9}
menu_dplmc_village_riot_removed|你 的 部 队 血 腥 地 镇 压 了 暴 动 的 民 众 并 重 新 夺 回 了 对 村 庄 的 控 制 权 。 不 过 村 子 已 经 被 摧 毁 了 。 
menu_dplmc_town_riot_removed|在 血 腥 的 战 斗 中 你 和 你 的 部 队 镇 压 了 叛 军 并 重 新 取 得 了 城 堡 的 控 制 权 。 
menu_dplmc_riot_negotiate|你 靠 近 愤 怒 的 人 群 并 试 图 谈 判 。 暴 动 领 导 者 要 求 你 支 付 {reg0}文 钱 。 如 果 你 同 意 的 话 他 们 会 放 下 武 器 。 
mno_dplmc_pay_riot_treasury|让 管 家 从 金 库 中 支 付 这 笔 钱 。 
mno_dplmc_pay_riot_cash|支 付 现 金 。 
mno_dplmc_back|返 回 。 
menu_dplmc_notification_riot|{s1}的 平 民 发 起 了 一 场 反 抗 你 统 治 的 暴 乱 ！ 在 一 次 突 袭 中 ， 忠 于 你 的 人 都 被 杀 死 了 。 剩 余 的 人 加 入 了 愤 怒 的 人 群 。 
menu_dplmc_notification_appoint_chamberlain|作 为 拥 有 封 地 的 领 主 你 现 在 可 以 以 每 周 15 文 钱 的 薪 水 雇 佣 一 名 藏 奉 行 在 宫 廷 中 伴 随 你 左 右 。 他 会 处 理 所 有 的 财 政 事 务 ， 例 如 收 取 税 金 和 决 定 税 率 ， 发 放 薪 水 和 管 理 你 的 资 产 。 另 外 他 还 可 以 为 监 督 管 理 家 族 之 间 的 金 钱 转 账 以 提 供 给 你 更 多 的 外 交 选 择 。 
mno_dplmc_appoint_default|从 当 地 任 命 一 位 贵 族 担 当 此 职 务 。 
menu_dplmc_chamberlain_confirm|你 的 藏 奉 行 能 在 你 的 宫 廷 中 被 找 到 。 如 果 你 想 给 他 提 出 任 何 财 政 方 面 的 建 议 或 者 你 需 要 更 多 金 钱 ， 你 都 应 该 和 他 商 量 。 确 保 你 的 金 库 中 有 充 足 的 钱 应 对 政 治 事 件 。 
menu_dplmc_notification_appoint_constable|作 为 拥 有 封 地 的 领 主 你 现 在 可 以 以 每 周 15 文 钱 的 薪 水 雇 佣 一 名 军 奉 行 在 宫 廷 中 伴 随 你 左 右 。 他 会 招 募 新 兵 并 提 供 你 的 军 队 的 情 况 。 
menu_dplmc_constable_confirm|你 的 军 奉 行 可 以 在 你 的 宫 廷 中 被 找 到 。 如 果 你 想 招 募 新 兵 或 是 得 到 你 现 有 军 队 的 详 细 情 况 ， 你 都 应 该 找 他 商 量 。 
menu_dplmc_notification_appoint_chancellor|作 为 拥 有 封 地 的 领 主 你 现 在 可 以 以 每 周 20 文 钱 的 薪 水 雇 佣 一 名 总 奉 行 在 殿 中 伴 随 你 左 右 。 他 会 持 有 你 的 印 鉴 并 管 理 你 和 重 要 人 物 之 间 的 书 信 往 来 。 
menu_dplmc_chancellor_confirm|你 的 总 奉 行 可 以 在 你 的 宫 廷 中 被 找 到 。 如 果 你 想 送 信 或 是 送 礼 物 ， 你 都 应 该 找 他 商 量 。 
menu_dplmc_deserters|你 的 一 些 士 兵 不 相 信 你 会 支 付 他 们 的 薪 金 。 共 有 {s11}名 士 兵 开 了 小 差 。 
menu_dplmc_negotiate_besieger|你 打 着 白 旗 出 现 在 城 头 。 过 了 一 会 儿 一 名 {s11}的 谈 判 者 接 近 你 。 他 要 求 你 献 出 {s6}以 及 所 有 下 辖 村 庄 并 支 付 {reg0}文 钱 作 为 求 和 的 表 现 。 
mno_dplmc_comply_treasury|接 受 条 件 并 让 管 家 从 金 库 中 支 付 这 笔 钱 。 
mno_dplmc_comply|接 受 条 件 并 支 付 现 金 。 
mno_dplmc_break_off|停 止 谈 判 。 
menu_dplmc_messenger|阁 下 ， 我 找 到 了 {s10}并 转 达 了 您 的 讯 息 。 他 的 回 复 是 {s11}。 
menu_dplmc_scout|您 的 探 子 从 {s10}归 来 ^^{s11}{s12}
menu_dplmc_domestic_policy|现 在 ， 您 可 以 颁 布 新 的 政 策 了 。 你 要 改 变 什 么 呢 ？ 
mno_dplmc_yes|是 的 ， 我 要 颁 布 新 的 政 令 。 
mno_dplmc_no|不 了 ， 维 持 现 状 就 好 了 。 
menu_dplmc_preferences|MOD选 项 
mno_dplmc_disable_horse_speed|降 低 马 匹 速 度 。 
mno_dplmc_enable_horse_speed|恢 复 马 匹 速 度 。 
mno_dplmc_disable_battle_continuation|禁 用 战 斗 延 续 进 行 。 
mno_dplmc_enable_battle_continuation|恢 复 战 斗 延 续 进 行 。 
mno_dplmc_disable_terrain_advantage|禁 止 在 自 动 战 斗 计 算 中 加 入 地 形 因 素 ( 当 前 ， 启 用 )
mno_dplmc_enable_terrain_advantage|允 许 在 自 动 战 斗 计 算 中 加 入 地 形 因 素 ( 当 前 ， 禁 止 )
mno_dplmc_reset_terrain_advantage|你 使 用 了 一 个 来 自 其 他 MOD 的 存 档 ， g dplmc terrain advantage = {reg0}( 点 击 重 置 )
mno_dplmc_toggle_lord_recycling_a|允 许 领 主 从 流 亡 中 返 回 ( 当 前 禁 用 )
mno_dplmc_toggle_lord_recycling_b|禁 止 领 主 从 流 亡 中 返 回 ( 当 前 启 用 )
mno_dplmc_toggle_lord_recycling_reset|你 使 用 了 一 个 来 自 其 他 MOD 的 存 档 ， g dplmc lord recycling = {reg0}( 点 击 重 置 )
mno_dplmc_toggle_ai_changes_a|允 许 自 由 变 更 AI( 当 前 关 闭 )
mno_dplmc_toggle_ai_changes_b|允 许 自 由 变 更 AI( 当 前 低 ， 默 认 )
mno_dplmc_toggle_ai_changes_c|允 许 自 由 变 更 AI( 当 前 中 )
mno_dplmc_toggle_ai_changes_d|禁 止 自 由 变 更 AI( 当 前 高 /测 试 )
mno_dplmc_reset_ai_changes|你 使 用 了 一 个 来 自 其 他 MOD 的 存 档 ， g dplmc ai changes = {reg0}( 点 击 重 置 )
mno_dplmc_toggle_gold_changes_a|设 置 经 济 和 行 为 改 变 为 低 ( 当 前 ， 禁 止 )
mno_dplmc_toggle_gold_changes_b|设 置 经 济 和 行 为 改 变 为 中 ( 当 前 ， 低 ， 默 认 )
mno_dplmc_toggle_gold_changes_c|设 置 经 济 和 行 为 改 变 为 高 / 测 试 ( 当 前 ， 中 )
mno_dplmc_toggle_gold_changes_d|禁 止 经 济 和 行 为 改 变 ( 当 前 ， 高 /测 试 )
mno_dplmc_reset_gold_changes|你 使 用 了 一 个 来 自 其 他 MOD 的 存 档 ， g dplmc gold changes = {reg0}( 点 击 重 置 )
mno_dplmc_switch_woman_prejudice_1|改 变 歧 视 程 度 ( 当 前 ， 默 认 )
mno_dplmc_switch_woman_prejudice_2|改 变 歧 视 程 度 ( 当 前 ， 关 闭 )
mno_dplmc_switch_woman_prejudice_3|改 变 歧 视 程 度 ( 当 前 ， 高 )
menu_dplmc_affiliated_family_report|{s0}
menu_dplmc_start_select_prejudice|游 戏 发 生 在 战 国 时 代 ， 战 争 和 政 治 通 常 都 由 男 性 贵 族 来 支 配 。 因 此 ， 一 个 女 性 角 色 在 游 戏 开 始 会 遭 到 某 些 偏 见 ， 而 且 无 法 获 得 某 些 男 性 优 势 / 机 会 ( 当 然 女 性 也 有 一 些 机 会 和 优 势 是 男 性 无 法 获 得 的 ) 。 某 些 玩 家 或 许 会 觉 得 反 感 ， 所 以 如 果 你 希 望 改 变 对 女 性 的 歧 视 ， 稍 后 你 可 以 在 营 地 选 单 改 变 这 项 设 定 。 
mno_dplmc_start_prejudice_yes|我 不 介 意 受 到 性 别 歧 视 。 
mno_dplmc_start_prejudice_no|我 更 希 望 不 会 受 到 性 别 歧 视 。 
menu_dplmc_economic_report|{s0}
menu_camp_moraling|给 你 部 队 额 外 的 钱 提 升 他 们 的 士 气 
mno_big_tax|全 员 重 赏 
mno_medium_tax|论 功 行 赏 
mno_low_tax|小 恩 小 惠 
menu_start_phase_new2|日 本 ， 一 个 被 维 新 思 潮 点 燃 的 土 地 ， 武 士 、 浪 人 、 冒 险 家 的 避 风 港 ， 他 们 都 愿 意 冒 着 生 命 危 险 追 求 财 富 ， 权 力 或 荣 耀 ...... 在 这 片 充 满 巨 大 危 险 和 更 大 机 遇 的 土 地 上 ， 你 相 信 你 可 以 抛 弃 过 去 ， 开 始 新 的 生 活 。 你 终 于 把 命 运 的 钥 匙 握 在 了 手 中 。 您 可 以 随 意 选 择 ， 无 论 您 选 择 什 么 ， 都 会 有 伟 大 的 冒 险 等 待 着 您 ...
mno_town_20|胜 大 人 ， 前 往 你 的 权 力 宝 座 ， 江 户 ！ 
mno_town_21|佐 竹 大 人 ， 前 往 你 的 权 力 宝 座 ， 久 保 田 ！ 
mno_town_22|岛 津 大 人 ， 前 往 你 的 权 力 宝 座 ， 鹿 儿 岛 ！ 
mno_town_23|锅 岛 大 人 ， 前 往 你 的 权 力 宝 座 ， 长 崎 ！ 
mno_town_24|德 川 大 人 ， 前 往 你 的 权 力 宝 座 ， 水 户 ！ 
mno_town_25|堀 田 大 人 ， 前 往 你 的 权 力 宝 座 ， 铫 子 ！ 
mno_town_26|黑 田 大 人 ， 前 往 你 的 权 力 宝 座 ， 博 多 ！ 
mno_town_27|前 田 大 人 ， 前 往 你 的 权 力 宝 座 ， 金 泽 ！ 
mno_town_28|内 藤 大 人 ， 前 往 你 的 权 力 宝 座 ， 延 冈 ！ 
mno_town_29|天 皇 陛 下 ， 前 往 你 的 权 力 宝 座 ， 京 都 ！ 
mno_town_30|内 藤 大 人 ， 前 往 你 的 权 力 宝 座 ， 延 冈 ！ 
mno_town_31|户 田 大 人 ， 前 往 你 的 权 力 宝 座 ， 大 垣 ！ 
mno_town_32|酒 井 大 人 ， 前 往 你 的 权 力 宝 座 ， 姬 路 ！ 
menu_world_map_soldier|你 想 怎 么 做 ？ 
mno_join_commander_battle|跟 随 指 挥 官 加 入 战 斗 。 
mno_enter_town|进 入 镇 守 的 城 。 
mno_commander|请 求 会 见 指 挥 。 
mno_revolt|反 叛 ！ 
mno_desert|偷 偷 逃 离 军 队 。 ( 保 留 装 备 但 会 降 低 友 好 关 系 )
mno_report|指 挥 官 报 告 
mno_return_to_duty|返 回 岗 位 
menu_commander_aud|你 的 请 求 被 传 达 到 了 指 挥 官 的 营 帐 里 ， 不 久 ， {s6}从 营 帐 里 出 来 了 并 和 你 会 面 。 
mno_reject_talk_lord|不 ， 不 用 了 。 
menu_ask_revolt|你 确 定 你 要 反 叛 么 ？ 
mno_confirm_revolt|是 的 ， 跟 着 {s6}会 把 我 们 全 葬 送 的 。 是 时 候 行 动 了 ！ 
mno_reject_revolt|不 ， 我 忠 于 {s6}。 
menu_revolt|你 想 要 释 放 囚 犯 来 帮 助 你 的 行 动 么 ？ 
mno_revolt_prisoners|是 的 ， 为 了 更 大 的 利 益 我 必 须 冒 险 。 
mno_revolt_no_prisoners|不 ， 我 不 相 信 那 些 囚 犯 们 。 
menu_ask_desert|你 想 要 叛 逃 么 ？ 
mno_confirm_desert|是 的 ， 现 在 的 生 活 漫 无 目 的 。 
mno_reject_desert|不 ， 我 忠 于 我 的 指 挥 官 。 
menu_desert|在 部 队 里 你 有 一 些 好 友 。 他 们 可 能 会 跟 随 你 。 
mno_desert_party|尝 试 劝 说 他 们 跟 随 你 。 
mno_desert_alone|不 ， 单 独 行 动 可 能 更 好 。 
menu_upgrade_path|你 的 卓 越 贡 献 被 认 可 了 ， 你 获 得 了 晋 升 。 
mno_upgrade_path_1|{s66}
mno_upgrade_path_2|{s67}
menu_gekokujo_notification_defeated|随 着 你 的 指 挥 官 的 战 败 ， 他 的 军 队 已 经 各 散 四 方 。 你 被 俘 虏 后 他 们 剥 夺 了 你 所 分 配 的 武 器 和 盔 甲 ， 但 是 你 藏 起 了 一 大 堆 战 利 品 。 如 果 你 能 找 到 你 的 领 主 ， 你 很 可 能 会 被 重 新 装 备 。 
menu_cannon_recruitment|在 此 你 可 以 订 购 重 型 武 器 ， 野 战 炮 和 加 特 林 机 枪 。 ^^你 当 前 的 余 额 是 {reg0}文 钱 。 ^^^旧 式 火 炮 ： 威 力 极 弱 ， 移 动 最 慢 ， 精 度 和 射 速 较 低 。 ^^帕 罗 特 炮 ： 中 等 水 平 ， 精 度 和 射 速 良 好 。 ^^阿 姆 斯 特 朗 炮 ： 威 力 极 强 ， 精 度 和 射 速 高 。 ^^加 特 林 机 枪 ： 亲 自 试 试 吧 。 :>
mno_cannon_6_recruit|招 募 旧 式 火 炮 。 花 费 ： {reg17}
mno_cannon_6_recruit_disabled|你 无 法 负 担 旧 式 火 炮 。 花 费 ： {reg17}
mno_cannon_2_recruit|招 募 10磅 帕 罗 特 炮 。 花 费 ： {reg11}
mno_cannon_2_recruit_disabled|你 无 法 负 担 10磅 帕 罗 特 炮 。 花 费 ： {reg11}
mno_cannon_3_recruit|招 募 12磅 阿 姆 斯 特 朗 炮 。 花 费 ： {reg12}
mno_cannon_3_recruit_disabled|你 无 法 负 担 12磅 阿 姆 斯 特 朗 炮 。 花 费 ： {reg12}
mno_cannon_1_recruit|招 募 加 特 林 机 枪 。 花 费 ： {reg10}
mno_cannon_1_recruit_disabled|你 无 法 负 担 加 特 林 机 枪 。 花 费 ： {reg10}
menu_foreign_gunsmith|在 此 你 可 以 获 取 外 国 武 器 ， 但 价 格 翻 倍 ： 弹 药 、 左 轮 手 枪 、 线 膛 火 枪 、 来 复 枪 和 连 发 枪 。 ^^^你 当 前 的 余 额 是 {reg0}文 钱 。 
mno_foreign_ammunition1|购 买 弹 药 。 
mno_foreign_revolvers|购 买 左 轮 手 枪 。 
mno_foreign_rifled_musket|购 买 线 膛 火 枪 。 
mno_foreign_rifles|购 买 步 枪 。 
mno_foreign_repeaters|购 买 连 发 枪 。 
mno_foreign_ammunition2|你 想 购 买 哪 种 类 型 的 弹 药 ？ ^^^你 当 前 的 余 额 是 {reg0}文 钱 。 
mno_purchasable_weapons1|购 买 .44 口 径 锥 形 弹 左 轮 手 枪 弹 药 。 花 费 ： 100
mno_purchasable_weapons1_disabled|你 无 法 负 担 .44 口 径 锥 形 弹 左 轮 手 枪 弹 药 。 花 费 ： 100 文 。 
mno_purchasable_weapons2|购 买 .69 口 径 圆 形 弹 火 枪 弹 药 。 花 费 ： 250文 。 
mno_purchasable_weapons2_disabled|你 无 法 负 担 .69 口 径 圆 形 弹 火 枪 弹 药 。 花 费 ： 250文 。 
mno_purchasable_weapons3|购 买 .69 口 径 圆 形 弹 卡 宾 枪 弹 药 。 花 费 ： 200文 。 
mno_purchasable_weapons3_disabled|你 无 法 负 担 .69 口 径 圆 形 弹 卡 宾 枪 弹 药 。 花 费 ： 200文 。 
mno_purchasable_weapons4|购 买 .58 口 径 米 涅 弹 步 枪 弹 药 。 花 费 ： 350文 。 
mno_purchasable_weapons4_disabled|你 无 法 负 担 .58 口 径 米 涅 弹 步 枪 弹 药 。 花 费 ： 350文 。 
mno_purchasable_weapons5|购 买 .52 口 径 环 尾 卡 宾 枪 弹 药 。 花 费 ： 300文 。 
mno_purchasable_weapons5_disabled|你 无 法 负 担 .52 口 径 环 尾 卡 宾 枪 弹 药 。 花 费 ： 300文 。 
mno_purchasable_weapons6|购 买 .52 口 径 步 枪 弹 药 。 花 费 ： 400文 。 
mno_purchasable_weapons7_disabled|你 无 法 负 担 .52 口 径 步 枪 弹 药 。 花 费 ： 400文 。 
mno_ammunition_next|下 一 页 。 
mno_foreign_revolvers2|你 想 购 买 哪 种 左 轮 手 枪 ？ ^^^你 当 前 的 余 额 是 {reg0}文 钱 。 
mno_purchasable_weapons8|购 买 柯 尔 特 海 军 型 。 花 费 ： 2100文 。 
mno_purchasable_weapons8_disabled|你 无 法 负 担 柯 尔 特 海 军 型 。 花 费 ： 2100文 。 
mno_purchasable_weapons9|购 买 萨 维 奇 海 军 型 。 花 费 ： 2000文 。 
mno_purchasable_weapons9_disabled|你 无 法 负 担 萨 维 奇 海 军 型 。 花 费 ： 2000文 。 
mno_purchasable_weapons10|购 买 斯 塔 尔 双 动 型 。 花 费 ： 2350文 。 
mno_purchasable_weapons10_disabled|你 无 法 负 担 斯 塔 尔 双 动 型 。 花 费 ： 2350文 。 
mno_purchasable_weapons11|购 买 勒 福 舍 ( A ) 。 花 费 ： 2400文 。 
mno_purchasable_weapons11_disabled|你 无 法 负 担 勒 福 舍 ( A ) 。 花 费 ： 2400文 。 
mno_purchasable_weapons12|购 买 勒 福 舍 ( B ) 。 花 费 ： 2400文 。 
mno_purchasable_weapons12_disabled|你 无 法 负 担 勒 福 舍 ( B ) 。 花 费 ： 2400文 。 
mno_purchasable_weapons13|购 买 史 密 斯 韦 森 2 型 。 花 费 ： 2050文 。 
mno_purchasable_weapons13_disabled|你 无 法 负 担 史 密 斯 韦 森 2 型 。 花 费 ： 2050文 。 
mno_purchasable_weapons14|购 买 博 蒙 特 亚 当 斯 左 轮 手 枪 。 花 费 ： 2800文 。 
mno_purchasable_weapons14_disabled|你 无 法 负 担 博 蒙 特 亚 当 斯 左 轮 手 枪 。 花 费 ： 2800文 。 
mno_foreign_rifled_musket1|你 想 购 买 哪 种 线 膛 火 枪 ？ ^^^你 当 前 的 余 额 是 {reg0}文 钱 。 
mno_purchasable_weapons15|购 买 恩 菲 尔 德 步 枪 带 刺 刀 。 花 费 ： {reg10}文 。 
mno_purchasable_weapons15_disabled|你 无 法 负 担 恩 菲 尔 德 步 枪 带 刺 刀 。 花 费 ： {reg10}文 。 
mno_purchasable_weapons16|购 买 恩 菲 尔 德 步 枪 。 花 费 ： {reg11}文 。 
mno_purchasable_weapons16_disabled|你 无 法 负 担 恩 菲 尔 德 步 枪 。 花 费 ： {reg11}文 。 
mno_purchasable_weapons17|购 买 恩 菲 尔 德 卡 宾 枪 。 花 费 ： 3000文 。 
mno_purchasable_weapons17_disabled|你 无 法 负 担 恩 菲 尔 德 卡 宾 枪 。 花 费 ： 3000文 。 
mno_purchasable_weapons18|购 买 斯 普 林 菲 尔 德 步 枪 带 刺 刀 。 花 费 ： 3550文 。 
mno_purchasable_weapons18_disabled|你 无 法 负 担 斯 普 林 菲 尔 德 步 枪 带 刺 刀 。 花 费 ： 3550文 。 
mno_purchasable_weapons19|购 买 斯 普 林 菲 尔 德 步 枪 。 花 费 ： 3300文 。 
mno_purchasable_weapons19_disabled|你 无 法 负 担 斯 普 林 菲 尔 德 步 枪 。 花 费 ： 3300文 。 
mno_purchasable_weapons20|购 买 斯 普 林 菲 尔 德 火 枪 。 花 费 ： 1550文 。 
mno_purchasable_weapons20_disabled|你 无 法 负 担 斯 普 林 菲 尔 德 火 枪 。 花 费 ： 1550文 。 
mno_purchasable_weapons21|购 买 格 韦 尔 步 枪 带 刺 刀 。 花 费 ： 2100文 。 
mno_purchasable_weapons21_disabled|你 无 法 负 担 格 韦 尔 步 枪 带 刺 刀 。 花 费 ： 2100文 。 
mno_purchasable_weapons22|购 买 格 韦 尔 步 枪 。 花 费 ： 1850文 。 
mno_purchasable_weapons22_disabled|你 无 法 负 担 格 韦 尔 步 枪 。 花 费 ： 1850文 。 
mno_rifled_musket_next|下 一 页 。 
mno_foreign_rifles1|你 想 购 买 哪 种 来 复 枪 ？ ^^^你 当 前 的 余 额 是 {reg0}文 钱 。 
mno_purchasable_weapons23|购 买 夏 塞 波 步 枪 带 刺 刀 。 花 费 ： 4100文 。 
mno_purchasable_weapons23_disabled|你 无 法 负 担 夏 塞 波 步 枪 带 刺 刀 。 花 费 ： 4100文 。 
mno_purchasable_weapons24|购 买 夏 塞 波 步 枪 。 花 费 ： 3850文 。 
mno_purchasable_weapons24_disabled|你 无 法 负 担 夏 塞 波 步 枪 。 花 费 ： 3850文 。 
mno_purchasable_weapons25|购 买 德 莱 赛 针 发 枪 带 刺 刀 。 花 费 ： 4500文 。 
mno_purchasable_weapons25_disabled|你 无 法 负 担 德 莱 赛 针 发 枪 带 刺 刀 。 花 费 ： 4500文 。 
mno_purchasable_weapons26|购 买 德 莱 赛 针 发 枪 。 花 费 ： 4250文 。 
mno_purchasable_weapons26_disabled|你 无 法 负 担 德 莱 赛 针 发 枪 。 花 费 ： 4250文 。 
mno_purchasable_weapons27|购 买 史 奈 德 步 枪 带 刺 刀 。 花 费 ： 4800文 。 
mno_purchasable_weapons27_disabled|你 无 法 负 担 史 奈 德 步 枪 带 刺 刀 。 花 费 ： 4800文 。 
mno_purchasable_weapons28|购 买 史 奈 德 步 枪 。 花 费 ： 4600文 。 
mno_purchasable_weapons28_disabled|你 无 法 负 担 史 奈 德 步 枪 。 花 费 ： 4600文 。 
mno_purchasable_weapons29|购 买 带 瞄 准 镜 的 夏 普 斯 步 枪 。 花 费 ： 5600文 。 
mno_purchasable_weapons29_disabled|你 无 法 负 担 带 瞄 准 镜 的 夏 普 斯 步 枪 。 花 费 ： 5600文 。 
mno_purchasable_weapons30|购 买 斯 塔 尔 卡 宾 枪 。 花 费 ： 2200文 。 
mno_purchasable_weapons30_disabled|你 无 法 负 担 斯 塔 尔 卡 宾 枪 。 花 费 ： 2200文 。 
mno_foreign_repeaters1|你 想 购 买 哪 种 连 发 枪 ？ ^^^你 当 前 的 余 额 是 {reg0}文 钱 。 
mno_purchasable_weapons31|购 买 斯 宾 塞 连 发 步 枪 。 花 费 ： {reg10}文 。 
mno_purchasable_weapons31_disabled|你 无 法 负 担 斯 宾 塞 连 发 步 枪 。 花 费 ： {reg10}文 。 
mno_purchasable_weapons32|购 买 斯 宾 塞 连 发 卡 宾 枪 。 花 费 ： {reg11}文 。 
mno_purchasable_weapons32_disabled|你 无 法 负 担 斯 宾 塞 连 发 卡 宾 枪 。 花 费 ： {reg11}文 。 
mno_purchasable_weapons33|购 买 亨 利 连 发 步 枪 。 花 费 ： {reg12}文 。 
mno_purchasable_weapons33_disabled|你 无 法 负 担 亨 利 连 发 步 枪 。 花 费 ： {reg12}文 。 
mno_foreign_rifled_musket2|你 想 购 买 哪 种 线 膛 火 枪 ？ ^^^你 当 前 的 余 额 是 {reg0}文 钱 。 
mno_purchasable_weapons34|购 买 查 尔 维 尔 火 枪 带 刺 刀 。 花 费 ： 2150文 。 
mno_purchasable_weapons34_disabled|你 无 法 负 担 查 尔 维 尔 火 枪 带 刺 刀 。 花 费 ： 2150文 。 
mno_purchasable_weapons35|购 买 查 尔 维 尔 火 枪 。 花 费 ： 1900文 。 
mno_purchasable_weapons35_disabled|你 无 法 负 担 查 尔 维 尔 火 枪 。 花 费 ： 1900文 。 
mno_purchasable_weapons36|购 买 埃 蒂 安 火 枪 带 刺 刀 。 花 费 ： 2300文 。 
mno_purchasable_weapons36_disabled|你 无 法 负 担 埃 蒂 安 火 枪 带 刺 刀 。 花 费 ： 2300文 。 
mno_purchasable_weapons37|购 买 埃 蒂 安 火 枪 。 花 费 ： 2000文 。 
mno_purchasable_weapons37_disabled|你 无 法 负 担 埃 蒂 安 火 枪 。 花 费 ： 2000文 。 
mno_purchasable_weapons38|购 买 米 涅 步 枪 带 刺 刀 。 花 费 ： 3750文 。 
mno_purchasable_weapons38_disabled|你 无 法 负 担 米 涅 步 枪 带 刺 刀 。 花 费 ： 3750文 。 
mno_purchasable_weapons39|购 买 米 涅 步 枪 。 花 费 ： 3500文 。 
mno_purchasable_weapons39_disabled|你 无 法 负 担 米 涅 步 枪 。 花 费 ： 3500文 。 
mno_purchasable_weapons40|购 买 沙 瑟 尔 步 枪 带 刺 刀 。 花 费 ： 3800文 。 
mno_purchasable_weapons40_disabled|你 无 法 负 担 沙 瑟 尔 步 枪 带 刺 刀 。 花 费 ： 3800文 。 
mno_purchasable_weapons41|购 买 沙 瑟 尔 步 枪 。 花 费 ： 3550文 。 
mno_purchasable_weapons41_disabled|你 无 法 负 担 沙 瑟 尔 步 枪 。 花 费 ： 3550文 。 
mno_foreign_rifled_musket3|你 想 购 买 哪 种 线 膛 火 枪 ？ ^^^你 当 前 的 余 额 是 {reg0}文 钱 。 
mno_purchasable_weapons42|购 买 短 管 火 枪 ( A ) 。 花 费 ： 1400文 。 
mno_purchasable_weapons42_disabled|你 无 法 负 担 短 管 火 枪 ( A ) 。 花 费 ： 1400文 。 
mno_purchasable_weapons43|购 买 短 管 火 枪 ( B ) 。 花 费 ： 1450文 。 
mno_purchasable_weapons43_disabled|你 无 法 负 担 短 管 火 枪 ( B ) 。 花 费 ： 1450文 。 
mno_purchasable_weapons44|购 买 史 奈 德 短 管 火 枪 带 刺 刀 。 花 费 ： 3500文 。 
mno_purchasable_weapons44_disabled|你 无 法 负 担 史 奈 德 短 管 火 枪 带 刺 刀 。 花 费 ： 3500文 。 
mno_purchasable_weapons45|购 买 史 奈 德 短 管 火 枪 。 花 费 ： 3250文 。 
mno_purchasable_weapons45_disabled|你 无 法 负 担 史 奈 德 短 管 火 枪 。 花 费 ： 3250文 。 
mno_purchasable_weapons46|购 买 双 管 雷 管 霰 弹 枪 。 花 费 ： 4000文 。 
mno_purchasable_weapons46_disabled|你 无 法 负 担 双 管 雷 管 霰 弹 枪 。 花 费 ： 4000文 。 
mno_foreign_ammunition3|你 想 购 买 哪 种 类 型 的 弹 药 ？ ^^^你 当 前 的 余 额 是 {reg0}文 钱 。 
mno_purchasable_weapons47|购 买 .12 号 鹿 弹 霰 弹 枪 弹 药 。 花 费 ： 500文 。 
mno_purchasable_weapons47_disabled|你 无 法 负 担 .12 号 鹿 弹 霰 弹 枪 弹 药 。 花 费 ： 500文 。 
mno_purchasable_weapons48|购 买 .56 口 径 边 缘 发 火 斯 宾 塞 弹 药 。 花 费 ： 700文 。 
mno_purchasable_weapons48_disabled|你 无 法 负 担 .56 口 径 边 缘 发 火 斯 宾 塞 弹 药 。 花 费 ： 700文 。 
mno_purchasable_weapons49|购 买 .44 口 径 边 缘 发 火 亨 利 弹 药 。 花 费 ： 750文 。 
mno_purchasable_weapons49_disabled|你 无 法 负 担 .44 口 径 边 缘 发 火 亨 利 弹 药 。 花 费 ： 750文 。 
mno_aizu_specialist|你 想 招 募 哪 种 特 殊 部 队 ？ ^^^你 当 前 的 余 额 是 {reg0}文 钱 。 
mno_town_purchasable_troops11|白 虎 队 ( 610 文 )
mno_town_purchasable_troops12|玄 武 队 ( 770 文 )
mno_town_purchasable_troops13|青 龙 队 ( 880 文 )
mno_town_purchasable_troops14|朱 雀 队 ( 990 文 )
menu_start_female2_0|重 要 提 示 ： 新 的 女 性 皮 肤 仍 处 于 实 验 阶 段 ， 因 为 我 无 法 修 复 字 符 串 问 题 。 因 此 ， 你 会 遇 到 各 种 对 话 ， 其 中 NPC 会 称 呼 你 的 角 色 为 男 性 。 {***}
mno_start_female1|女 性 (下 克 上 原 版 脸 模 )
mno_start_female2|女 性 (FCO v2脸 模 )
