ip_dplmc_info|外 交 模 式 
ip_dplmc_info_text|这 个 MOD 加 入 了 外 交 策 略 的 一 些 功 能 。 大 部 分 要 通 过 你 的 首 席 大 臣 、 财 政 大 臣 、 治 安 官 和 外 交 大 臣 来 执 行 。 当 你 得 到 第 一 个 村 庄 时 ， 你 可 以 雇 用 财 政 大 臣 ， 得 到 第 一 个 城 堡 时 可 以 雇 用 治 安 官 ， 而 当 你 得 到 第 一 座 城 镇 时 可 以 雇 用 外 交 大 臣 。 假 如 你 解 雇 了 其 中 一 名 大 臣 ， 你 可 以 通 过 配 偶 重 新 雇 用 他 们 。 ^^除 此 之 外 ， 这 个 mod还 有 其 他 功 能 ， 可 以 从 扎 营 菜 单 中 找 到 。 
ip_dplmc_autoloot|自 动 捡 拾 战 利 品 
ip_dplmc_autoloot_text|自 动 捡 拾 战 利 品 的 设 定 可 从 扎 营 选 单 中 调 整 。 它 使 你 的 英 雄 ( 有 名 字 的 NPC， 不 是 一 般 的 小 兵 ) 可 以 从 战 利 品 中 自 动 选 择 装 备 。 要 使 其 能 够 运 作 ， 下 列 条 件 之 一 必 须 要 满 足 ， 队 伍 中 必 须 有 人 拥 有 掠 夺 2级 以 上 ， 物 品 管 理 3级 以 上 ， 或 者 玩 家 本 身 物 品 管 理 2级 以 上 。 
ip_dplmc_autosell|自 动 出 售 
ip_dplmc_autosell_text|这 个 功 能 让 你 可 以 一 次 将 许 多 物 品 卖 给 商 人 。 透 过 城 镇 选 单 可 以 调 整 你 想 卖 的 物 品 细 节 ( 例 如 ， 可 以 设 定 马 不 会 被 自 动 售 出 ) 和 价 格 上 限 ( 例 如 ， 可 以 设 定 200第 纳 尔 以 上 的 物 品 不 被 卖 出 ) 。 ^^ 自 动 出 售 有 两 种 主 要 用 法 ， 1. 和 马 匹 贩 子 、 防 具 商 人 或 武 器 商 人 对 话 时 ， 可 以 透 过 对 话 选 择 出 售 特 定 种 类 的 物 品 。 2.城 镇 选 单 中 会 有 " 市 场 " 的 选 项 ， 可 以 从 那 里 自 动 出 售 你 的 物 品 。 ^^ 装 备 在 身 上 的 物 品 永 远 不 会 被 卖 掉 ， 物 品 栏 的 前 三 格 也 是 。 除 此 之 外 ， 这 个 功 能 会 跳 过 可 能 是 你 的 个 人 装 备 的 物 品 ( 毕 竟 一 个 人 常 有 一 套 以 上 的 装 备 ) 。 无 论 你 有 无 装 备 在 身 上 ， 你 最 好 的 弓 、 弩 ， 护 甲 、 头 盔 、 靴 子 和 手 套 不 会 被 卖 出 。 如 果 你 有 可 以 使 用 的 弓 ， 你 最 好 的 三 组 箭 不 会 被 卖 出 ， 弩 和 弩 矢 亦 同 。 而 最 好 和 次 好 的 盾 牌 、 单 手 武 器 、 双 手 武 器 、 长 杆 武 器 和 马 也 不 会 被 卖 出 。 你 最 好 的 三 组 投 掷 武 器 也 不 会 被 卖 出 。 然 而 ， 你 的 角 色 无 法 使 用 的 物 品 也 会 被 当 作 可 贩 售 的 物 品 。 
ip_morale|士 气 
ip_morale_text|士 气 为 部 队 中 的 士 兵 们 提 供 了 保 持 坚 忍 不 拔 ， 勇 往 直 前 ， 和 纪 律 严 明 的 能 力 和 积 极 性 ， 这 些 都 是 他 们 抵 御 战 斗 和 行 军 当 中 的 压 力 所 必 需 的 。 这 个 和 士 兵 们 的 愉 悦 度 不 是 一 回 事 情 。 精 锐 部 队 也 许 会 因 不 满 而 抱 怨 战 役 的 艰 苦 ， 但 是 当 他 们 面 对 如 蝗 飞 矢 的 时 候 还 是 会 坚 如 磐 石 团 结 如 一 。 另 一 方 面 ， 一 个 无 微 不 至 给 予 他 的 部 下 任 何 需 求 的 指 挥 官 ， 也 许 反 而 会 发 现 他 们 变 得 软 弱 ， 并 且 在 敌 人 进 攻 前 就 望 风 而 逃 。 ^^ 士 气 最 大 的 影 响 是 对 于 部 队 在 战 斗 中 的 行 为 ， 决 斗 了 士 兵 与 敌 人 交 战 时 有 多 凶 猛 ， 以 及 当 他 们 发 现 战 场 形 势 不 对 时 有 多 想 落 荒 而 逃 。 士 气 同 样 影 响 一 支 部 队 的 行 军 速 度 ， 越 没 有 动 力 的 队 伍 跑 的 就 越 慢 ， 因 为 这 种 情 况 下 部 下 不 会 尽 力 而 为 ， 并 且 经 常 要 停 下 来 休 息 ， 所 以 经 常 要 等 掉 队 的 人 赶 上 来 。 最 终 ， 一 支 士 气 低 下 的 部 队 就 会 有 人 开 小 差 逃 走 。 ^^ 一 些 影 响 士 气 的 因 素 是 很 直 观 的 。 比 如 ， 一 个 魅 力 过 人 并 且 百 战 百 胜 的 指 挥 官 可 以 给 他 或 者 她 的 部 下 在 精 神 上 以 极 大 的 鼓 舞 。 给 部 下 提 供 大 量 而 又 丰 富 食 物 ， 并 且 不 拖 欠 部 下 佣 金 的 领 袖 们 ， 表 现 的 很 关 心 他 们 的 士 兵 的 福 利 ， 并 且 不 喜 欢 带 领 他 们 深 赴 险 地 。 ^^ 另 外 一 些 因 素 就 不 是 那 么 直 观 了 ， 特 别 是 那 些 涉 及 部 队 的 团 队 凝 聚 力 方 面 的 。 例 如 ， 在 一 支 精 兵 队 伍 里 ， 个 个 都 会 和 优 势 兵 力 的 敌 人 艰 苦 作 战 毫 不 畏 缩 ， 因 为 你 的 胆 小 与 否 别 人 都 能 看 得 到 。 相 对 的 面 对 一 支 庞 大 的 队 伍 你 也 许 就 会 看 到 其 内 部 团 结 有 问 题 ， 这 是 由 于 指 挥 官 没 有 更 多 的 时 间 来 监 督 部 下 ， 倾 听 他 们 的 抱 怨 ， 并 且 解 决 他 们 之 间 的 争 端 。 频 繁 的 战 事 将 使 战 士 们 团 结 ， 而 长 时 间 的 无 所 事 事 会 使 士 兵 们 变 得 无 聊 和 相 互 争 吵 。 ^^ 通 过 点 击 “ 报 告 ” 按 钮 来 显 示 的 士 气 报 告 ， 将 给 玩 家 显 示 哪 些 因 素 正 在 影 响 他 或 她 部 下 的 士 气 。 
ip_economy|经 济 
ip_economy_text|日 本 大 陆 上 的 城 镇 和 村 庄 为 了 其 人 口 的 正 常 生 存 和 生 产 都 需 要 非 常 多 样 化 的 商 品 。 民 以 食 为 天 。 谷 物 是 日 本 大 陆 的 主 要 农 作 物 ， 但 是 人 们 还 需 要 肉 类 ， 鱼 类 和 奶 酪 提 供 的 脂 肪 和 蛋 白 质 。 而 第 一 时 间 里 将 肉 类 妥 善 保 存 起 来 的 工 作 差 不 多 和 生 产 肉 类 一 样 繁 重 ， 因 此 食 盐 的 需 求 也 很 巨 大 。 要 解 决 温 饱 还 需 要 衣 服 ， 厚 重 的 羊 毛 ， 轻 盈 的 亚 麻 ， 或 者 奢 华 的 天 鹅 绒 。 最 后 ， 人 们 还 需 要 用 于 贸 易 的 各 种 物 品 ， 铁 器 ， 陶 器 ， 皮 革 制 品 ， 当 然 ， 还 有 ， 用 于 战 争 的 武 器 ， 盔 甲 ， 以 及 马 匹 。 ^^ 大 多 数 农 业 产 品 产 自 于 村 庄 ， 而 城 镇 里 的 工 匠 则 专 门 从 事 于 制 造 品 或 者 手 工 艺 品 比 如 织 物 或 者 铁 器 。 同 样 的 ， 不 同 的 资 源 产 自 于 国 家 的 不 同 行 当 。 因 此 ， 日 本 大 陆 的 繁 荣 的 关 键 是 贸 易 ， 不 但 是 村 庄 和 城 镇 之 间 ， 还 包 括 那 些 主 要 城 镇 本 身 之 间 。 ^^ 当 贸 易 流 通 时 ， 商 品 将 能 够 被 使 用 和 消 费 ， 该 地 区 的 人 口 将 会 健 康 而 又 愉 悦 ， 并 且 会 有 移 居 者 从 附 近 地 区 聚 集 过 来 。 该 地 区 将 会 生 产 更 多 ， 消 费 更 多 ， 进 而 能 够 给 他 们 的 领 主 贡 献 更 多 的 税 金 。 当 贸 易 停 滞 ， 城 镇 和 村 庄 的 工 人 就 会 离 开 去 别 处 找 工 作 ， 而 经 济 活 动 也 将 停 止 。 从 而 ， 为 了 统 治 者 的 利 益 得 去 保 护 贸 易 路 线 免 遭 战 争 和 匪 患 的 威 胁 。 可 是 ， 一 个 精 明 的 商 人 ， 会 希 望 搜 索 到 与 大 陆 上 其 它 地 方 隔 离 的 城 镇 ， 因 为 他 或 者 她 也 许 能 够 从 不 平 衡 的 价 格 之 中 获 得 相 当 可 观 的 收 益 。 ^^ 因 为 村 民 总 是 把 他 们 出 产 的 商 品 运 往 城 镇 的 市 场 ， 村 庄 的 市 场 通 常 没 什 么 生 意 ， 而 村 民 们 总 是 贱 买 贵 卖 。 正 经 的 商 人 都 待 在 城 镇 里 做 买 卖 ， 虽 然 有 些 队 伍 会 不 时 在 村 庄 稍 作 停 留 做 些 补 给 。 ^^ 一 个 玩 家 如 果 要 想 知 道 哪 些 因 素 影 响 着 某 个 地 区 的 繁 荣 度 可 以 去 问 问 城 镇 广 场 上 的 镇 长 。 别 的 信 息 可 以 从 路 人 那 里 收 集 到 ， 尽 管 他 们 也 许 不 太 清 楚 他 们 自 己 特 定 贸 易 以 外 的 东 西 。 
ip_courtship|求 爱 
ip_courtship_text|玩 家 们 也 许 希 望 和 日 本 贵 族 联 姻 。 婚 姻 并 不 是 玩 家 在 日 本 施 展 自 己 的 本 领 和 才 干 所 必 须 的 ， 但 是 这 提 供 给 了 玩 家 增 进 和 领 主 们 的 关 系 以 及 确 立 对 王 位 主 张 的 机 会 。 ^^ 结 婚 的 条 件 对 于 男 性 和 女 性 玩 家 是 不 同 的 。 一 个 男 性 角 色 通 常 需 要 进 行 传 统 方 式 的 求 爱 。 他 需 要 在 日 本 贵 族 圈 里 建 立 自 己 的 声 望 ， 要 和 他 新 娘 的 父 母 或 者 监 护 人 相 处 融 洽 ， 并 且 按 照 当 地 习 俗 向 女 孩 求 爱 。 如 果 某 个 玩 家 变 得 不 耐 烦 起 来 ， 他 可 以 试 图 走 捷 径 ， 但 是 会 对 他 和 其 他 领 主 之 间 的 关 系 产 生 后 果 。 ^^ 一 个 男 性 角 色 得 记 住 其 他 领 主 会 为 了 王 国 的 闺 秀 和 他 竞 争 。 同 样 ， 女 孩 子 的 小 考 验 也 是 随 时 随 地 的 ， 而 玩 家 也 许 会 发 现 他 求 爱 的 对 象 到 头 来 并 不 爱 他 。 浪 漫 史 ， 在 日 本 这 块 地 方 ， 和 在 其 它 地 方 一 样 ， 有 情 人 不 一 定 总 成 眷 属 。 当 然 ， 玩 家 也 可 以 使 用 别 的 ， 不 太 绅 士 的 手 段 赢 得 女 孩 子 的 心 ， 但 是 同 样 的 ， 那 会 对 他 的 名 声 带 来 严 重 的 影 响 。 ^^ 要 开 始 一 段 求 爱 的 旅 程 ， 男 性 玩 家 需 要 试 着 融 入 日 本 贵 族 的 社 交 生 活 ， 出 席 宴 会 和 竞 技 大 会 。 同 样 ， 流 浪 的 歌 手 和 诗 人 可 以 成 为 获 得 求 爱 信 息 的 有 用 的 知 识 库 ， 并 且 能 让 玩 家 随 时 知 道 当 下 人 们 都 在 谈 论 些 什 么 。 ^^ 女 性 玩 家 也 可 以 结 婚 ， 但 是 她 们 得 记 住 日 本 的 社 会 非 常 传 统 ， 而 且 ， 作 为 冒 险 者 ， 她 们 选 择 了 一 条 非 常 反 传 统 的 女 性 之 路 。 一 名 女 性 角 色 也 许 要 好 好 找 找 某 个 思 想 足 够 开 放 的 领 主 来 娶 她 。 ^^ 作 为 好 的 一 面 ， 一 名 女 性 角 色 不 需 要 经 过 冗 繁 的 求 爱 礼 仪 ， 并 且 她 同 样 可 以 从 婚 姻 中 比 她 的 男 性 配 偶 得 到 的 更 多 。 作 为 一 名 女 性 冒 险 家 ， 婚 姻 可 以 成 为 通 往 权 力 的 捷 径 ， 而 一 名 不 择 手 段 的 角 色 也 许 会 把 她 的 丈 夫 当 作 她 实 现 政 治 野 心 的 工 具 。 
ip_politics|政 治 
ip_politics_text|日 本 各 地 文 化 相 近 ， 因 此 都 奉 行 相 同 的 基 本 政 治 制 度 ， 封 建 制 。 封 建 制 基 于 个 人 之 间 的 关 系 ， 封 臣 对 于 他 或 她 君 主 的 宣 誓 效 忠 。 对 于 这 种 宣 誓 的 回 报 ， 封 臣 通 常 会 收 到 一 份 封 地 ， 这 套 土 地 之 上 的 收 入 归 封 臣 所 有 建 立 军 队 来 为 君 主 在 战 时 提 供 支 持 。 一 个 君 主 同 样 有 责 任 保 护 他 的 封 臣 们 ， 并 且 公 平 地 宴 请 他 们 。 ^^ 无 论 如 何 ， 理 论 上 应 该 是 这 么 运 作 的 。 实 际 上 ， 封 臣 们 并 不 总 是 为 了 他 们 阵 营 的 利 益 而 努 力 ， 特 别 的 是 他 们 还 经 常 相 互 争 吵 。 贵 族 们 有 不 同 的 个 性 ， 并 且 有 时 候 这 些 个 性 相 冲 。 或 者 ， 也 许 两 个 贵 族 是 亲 密 的 朋 友 ， 但 是 因 为 一 次 退 却 或 者 战 败 的 结 果 而 翻 脸 ， 或 者 因 为 他 们 在 追 求 同 一 位 小 姐 。 他 们 在 国 王 面 前 争 宠 的 时 候 同 样 也 会 表 现 出 嫉 妒 ， 也 许 是 为 了 争 夺 新 征 服 的 土 地 ， 或 者 是 争 夺 谁 会 被 任 命 为 令 人 垂 涎 的 元 帅 之 职 位 ， 成 为 负 责 组 织 一 次 大 规 模 战 役 的 统 领 。 ^^ 当 日 本 的 某 个 国 家 和 别 国 开 战 ， 各 个 王 国 内 部 在 政 治 上 是 否 团 结 ， 严 重 影 响 到 其 能 够 决 定 战 争 结 果 的 士 兵 的 质 量 和 数 量 。 在 一 个 团 结 的 王 国 ， 贵 族 们 会 联 合 在 一 起 成 为 一 股 强 大 的 力 量 扫 除 他 们 面 前 的 对 手 。 在 一 个 因 为 喋 喋 不 休 的 争 论 而 四 分 五 裂 的 王 国 里 ， 领 主 们 将 不 听 从 元 帅 的 召 集 ， 或 者 在 一 场 战 役 如 果 进 行 的 并 不 顺 利 的 时 候 四 散 而 去 忙 他 们 自 己 的 事 情 。 一 个 阵 营 政 治 上 的 凝 聚 力 还 会 在 战 役 没 有 进 行 的 情 况 下 导 致 军 事 冲 突 。 在 一 个 分 裂 的 阵 营 ， 领 主 们 在 出 击 和 巡 逻 的 时 候 不 大 愿 意 联 合 行 动 ， 还 有 共 同 防 御 。 ^^ 如 果 发 现 领 主 们 在 敌 人 出 现 在 地 平 线 上 的 时 候 因 为 斗 嘴 和 争 论 而 要 弄 巧 成 拙 ， 记 住 ， 从 根 本 上 讲 ， 一 名 贵 族 的 忠 诚 不 是 对 于 特 定 的 阵 营 或 者 文 化 ， 而 是 对 于 他 自 己 以 及 他 的 家 族 。 如 果 一 个 贵 族 担 心 他 的 阵 营 崩 溃 ， 或 者 是 他 正 在 被 他 的 君 主 忽 视 ， 他 通 常 会 找 个 理 由 撤 销 他 效 忠 的 宣 誓 ， 然 后 投 奔 别 处 。 玩 家 门 要 记 住 这 一 点 ， 因 为 他 们 会 发 现 有 机 会 让 心 中 不 满 的 前 敌 人 转 变 成 盟 友 。 
ip_character_backgrounds|角 色 背 景 
ip_character_backgrounds_text|进 入 日 本 的 玩 家 可 以 选 择 来 自 不 同 的 社 会 背 景 。 这 个 选 择 不 仅 仅 会 影 响 到 他 或 她 的 起 始 技 能 和 装 备 ， 还 会 影 响 到 他 或 者 她 的 冒 险 生 涯 。 ^^ 日 本 的 战 事 和 政 治 传 统 性 地 归 男 性 贵 族 所 支 配 。 一 名 男 性 贵 族 玩 家 角 色 会 发 现 他 很 快 就 在 这 个 “ 大 男 子 ” 俱 乐 部 里 如 鱼 得 水 ， 而 女 性 和 平 民 身 份 则 会 在 奋 斗 之 路 上 遇 到 额 外 的 障 碍 。 如 果 你 选 择 作 为 一 名 男 性 贵 族 来 开 始 开 始 游 戏 ， 你 可 以 看 作 是 以 “ 简 单 ” 难 度 来 开 始 游 戏 。 以 女 性 贵 族 或 者 男 性 平 民 开 始 则 要 难 度 高 一 点 ， 而 以 女 性 平 民 开 局 则 可 能 是 以 最 具 挑 战 的 方 式 开 始 游 戏 。 ^^ 尽 管 这 样 ， 女 性 也 有 开 局 的 优 势 。 很 明 显 的 就 是 招 兵 ， 一 名 女 性 勇 士 自 身 很 能 引 人 注 意 ， 这 样 她 能 够 比 男 性 更 快 地 树 立 自 己 的 名 声 。 同 样 地 ， 按 照 惯 例 女 的 也 比 男 的 要 更 容 易 通 过 婚 姻 通 往 社 会 高 层 ， 并 且 女 的 可 以 通 过 战 略 婚 姻 联 盟 比 她 的 男 性 配 偶 获 得 的 更 多 。 ^^ 最 后 ， 记 住 这 游 戏 里 ， 英 雄 不 问 出 处 ， 王 侯 将 相 ， 宁 有 种 乎 。 不 论 贵 族 还 是 平 民 ， 男 性 还 是 女 性 ， 结 婚 还 是 单 身 ， 任 何 人 都 有 可 能 成 为 全 日 本 的 统 治 者 ， 如 果 他 们 足 够 勇 敢 ， 幸 运 或 者 智 慧 的 话 。 
ip_military_campaigns|军 事 战 争 
ip_military_campaigns_text|当 日 本 诸 大 名 开 始 战 事 ， 他 们 的 军 队 有 两 种 基 本 的 进 攻 方 式 。 他 们 会 试 图 进 攻 村 庄 并 摧 毁 它 ， 破 坏 敌 人 的 声 望 和 经 济 。 或 者 ， 他 们 可 以 试 图 夺 取 并 占 据 城 堡 或 者 城 镇 ， 扩 张 领 土 。 这 第 二 种 方 式 包 括 长 期 ， 血 腥 的 围 攻 ， 但 是 能 产 生 更 有 决 定 性 的 成 果 。 ^^ 得 记 住 很 重 要 的 一 点 在 日 本 的 国 家 里 没 有 按 照 统 治 者 要 求 常 驻 各 处 的 常 备 军 。 相 对 的 ， 日 本 的 各 国 家 由 权 臣 贵 族 及 其 各 自 从 属 所 招 募 的 封 建 佣 兵 所 保 护 。 有 时 候 ， 这 些 贵 族 私 自 发 动 对 敌 人 领 土 的 进 攻 ， 但 决 定 性 的 攻 击 总 是 发 生 在 大 规 模 军 团 被 召 集 的 时 候 。 各 个 王 国 的 元 帅 ， 一 名 由 国 王 指 派 的 贵 族 ， 会 在 战 役 开 始 前 召 集 军 团 并 率 领 他 们 投 入 战 斗 。 然 而 ， 他 也 需 要 注 意 别 让 他 们 过 于 恋 战 。 否 则 ， 军 团 就 会 开 始 瓦 解 ， 因 为 那 些 领 主 会 各 自 离 开 去 忙 他 们 自 己 的 事 情 ， 而 大 军 就 会 变 得 容 易 遭 受 对 方 的 反 击 。 ^^ 因 此 ， 在 日 本 ， 战 争 的 节 奏 通 常 就 像 是 两 个 单 独 的 战 斗 者 之 间 的 决 斗 一 样 。 一 方 会 纠 集 自 己 的 力 量 寻 求 对 敌 方 领 土 的 一 次 猛 攻 。 如 果 元 帅 仓 促 间 集 结 领 主 们 的 时 间 过 短 ， 他 就 不 能 实 施 任 何 有 效 的 攻 击 。 如 果 他 花 的 时 间 过 长 ， 那 战 役 也 许 会 在 还 没 开 始 之 前 就 结 束 。 大 国 对 小 国 拥 有 优 势 ， 就 像 一 名 强 壮 的 战 士 比 弱 小 的 对 手 要 厉 害 ， 但 是 一 个 国 家 政 治 上 的 凝 聚 力 也 不 能 忽 视 ， 就 像 一 个 耐 力 过 人 的 斗 士 会 比 她 的 对 手 活 得 更 久 。 有 时 候 ， 两 个 国 家 的 军 队 会 迎 头 碰 上 ， 军 队 的 士 气 和 数 量 将 决 定 这 场 大 决 战 的 结 果 。 ^^ 王 国 们 对 于 其 敌 人 总 是 缺 乏 情 报 。 进 攻 方 的 领 主 需 要 频 繁 地 侦 查 敌 人 的 领 土 来 决 定 哪 个 要 塞 也 许 易 于 攻 击 。 守 卫 本 土 的 军 队 会 有 从 城 堡 和 城 镇 得 到 警 报 的 优 势 ， 它 们 会 传 播 敌 人 在 其 附 近 行 动 的 情 报 。 然 而 ， 这 些 情 报 并 不 精 确 ， 特 别 是 对 于 敌 军 的 数 量 方 面 。 解 围 或 者 援 救 村 庄 的 防 守 方 也 许 能 击 败 一 支 没 有 准 备 的 进 攻 部 队 ， 或 者 失 算 ， 成 为 被 打 败 的 一 方 。 而 对 于 进 攻 方 ， 必 须 要 小 心 他 们 深 入 敌 后 有 多 远 ， 而 好 战 的 元 帅 要 比 谨 慎 的 元 帅 更 冒 险 。 ^^ 玩 家 会 期 望 加 入 其 阵 营 的 军 事 战 役 ， 比 如 加 入 军 团 ， 或 者 打 头 阵 去 敌 人 领 土 侦 查 。 某 些 玩 家 也 许 会 发 现 他 们 国 家 的 元 帅 个 人 风 格 太 谨 慎 了 ， 或 者 太 好 战 了 。 这 种 情 况 下 ， 他 们 可 以 串 通 其 他 领 主 来 试 图 更 换 元 帅 ， 或 者 寻 求 支 持 来 自 己 当 上 元 帅 。 ^^ 大 部 分 战 争 持 续 有 限 的 一 段 时 间 。 一 名 想 要 开 战 的 国 王 ， 为 了 荣 耀 ， 觉 得 有 义 务 短 时 间 里 解 决 冲 突 。 然 而 ， 除 非 他 狠 揍 了 敌 人 一 顿 。 他 也 许 很 快 开 始 寻 求 平 息 冲 突 的 途 径 ， 以 免 自 己 暴 露 在 第 三 方 部 队 的 攻 击 威 胁 之 下 。 日 本 的 统 治 者 们 都 清 楚 地 明 白 今 天 的 盟 友 也 许 明 天 就 会 成 为 敌 人 ， 反 之 亦 然 。 
ip_ruler_of_a_clan|从 大 名 开 始 
ip_ruler_of_a_clan_text|当 作 为 一 个 家 族 的 统 治 者 开 始 游 戏 时 。 你 会 被 分 配 几 名 领 主 。 此 外 ， 你 统 治 下 的 村 庄 不 会 被 任 何 人 统 治 ， 所 以 不 要 忘 记 把 它 们 分 配 给 领 主 。 请 记 住 ， 给 一 个 领 主 太 多 的 村 庄 会 激 怒 其 他 的 领 主 。 与 贵 族 们 的 不 良 关 系 可 能 会 使 他 们 造 反 。 
ip_executing_lords|处 死 敌 人 的 领 主 
ip_executing_lords_text|如 果 你 愿 意 ， 你 可 以 杀 死 被 俘 的 领 主 。 然 而 ， 你 需 要 有 自 己 的 家 族 才 能 这 样 做 。 杀 死 敌 人 将 会 有 一 些 永 久 的 效 果 。 杀 死 的 领 主 不 会 被 随 机 生 成 的 领 主 所 取 代 。 他 们 的 土 地 不 会 由 任 何 人 统 治 ， 直 到 大 名 - 决 定 把 这 些 土 地 交 给 家 族 的 另 一 个 领 主 。 被 杀 领 主 的 敌 人 ( 领 主 和 女 士 )会 更 喜 欢 你 。 然 而 ， 被 杀 的 领 主 的 中 立 的 领 主 和 友 好 的 领 主 会 因 为 你 的 行 为 而 恨 你 。 杀 死 太 多 领 主 可 能 会 把 被 杀 的 领 主 的 朋 友 们 团 结 在 一 起 ！ 如 果 你 杀 了 一 位 大 名 ， 之 后 另 一 位 名 声 最 高 的 领 主 被 任 命 为 大 名 。 
ip_special_keys|嘲 讽 
ip_special_keys_text|你 可 以 通 过 按 ' N' 键 来 嘲 讽 你 的 敌 人 。 嘲 弄 取 决 于 你 的 铁 血 技 能 。 不 要 指 望 敌 人 在 你 嘲 讽 他 们 之 后 汹 涌 澎 湃 ， 他 们 有 可 能 不 会 攻 击 你 。 然 而 他 们 的 射 手 单 位 会 集 火 你 。 
ip_special_keys2|特 殊 按 键 
ip_special_keys2_text|您 可 以 通 过 按 “T” 键 启 用 头 盔 视 角 。 你 可 以 按 ' V' 键 ， 在 主 厅 里 坐 下 。 
ip_history_note1|戊 辰 战 争 
ip_history_note1_text|戊 辰 战 争 ， 有 时 也 被 称 为 日 本 革 命 或 日 本 内 战 ， 是 一 场 于 1868年 至 1869年 间 在 日 本 爆 发 的 内 战 ， 交 战 双 方 是 统 治 日 本 的 德 川 幕 府 势 力 与 一 个 以 朝 廷 名 义 谋 求 夺 取 政 治 权 力 的 联 盟 。 ^^这 场 战 争 源 于 许 多 贵 族 和 年 轻 武 士 对 幕 府 在 之 前 十 年 日 本 开 国 后 处 理 外 国 人 问 题 的 方 式 感 到 不 满 。 西 方 在 经 济 上 的 影 响 力 日 益 增 强 ， 导 致 了 与 其 他 亚 洲 国 家 当 时 类 似 的 衰 退 。 一 个 由 西 部 武 士 ， 特 别 是 长 州 、 萨 摩 和 土 佐 等 藩 ， 以 及 朝 廷 官 员 组 成 的 联 盟 掌 控 了 朝 廷 ， 并 影 响 了 年 轻 的 明 治 天 皇 。 时 任 将 军 德 川 庆 喜 意 识 到 自 己 处 境 无 望 ， 便 宣 布 退 位 并 将 政 治 权 力 交 还 给 天 皇 。 庆 喜 希 望 借 此 使 德 川 家 族 得 以 保 留 ， 并 能 参 与 未 来 的 政 府 。 ^^然 而 ， 朝 廷 军 队 的 军 事 行 动 、 江 户 的 党 派 暴 力 ， 以 及 由 萨 摩 和 长 州 推 动 的 废 除 德 川 家 族 的 朝 廷 敕 令 ， 致 使 庆 喜 发 动 军 事 行 动 ， 企 图 夺 取 天 皇 所 在 的 京 都 朝 廷 。 战 局 迅 速 转 向 规 模 较 小 但 相 对 现 代 化 的 朝 廷 派 一 方 。 在 一 系 列 战 斗 之 后 ， 以 江 户 开 城 投 降 告 终 ， 庆 喜 本 人 也 投 降 了 。 效 忠 德 川 幕 府 的 势 力 退 往 本 州 北 部 ， 后 又 退 往 北 海 道 ， 在 那 里 建 立 了 虾 夷 共 和 国 。 箱 馆 战 争 的 战 败 击 碎 了 这 最 后 的 据 点 ， 使 天 皇 成 为 全 日 本 事 实 上 的 最 高 统 治 者 ， 完 成 了 明 治 维 新 的 军 事 阶 段 。 ^^战 争 中 约 有 69,000人 被 动 员 ， 其 中 约 8,200人 阵 亡 。 最 终 ， 获 胜 的 朝 廷 派 放 弃 了 驱 逐 外 国 人 的 目 标 ， 转 而 采 取 持 续 近 代 化 的 政 策 ， 以 期 最 终 重 新 谈 判 与 西 方 列 强 签 订 的 不 平 等 条 约 。 由 于 朝 廷 派 重 要 领 袖 西 乡 隆 盛 的 坚 持 ， 德 川 氏 的 忠 诚 者 得 到 了 宽 大 处 理 ， 许 多 前 幕 府 领 导 人 和 武 士 后 来 在 新 政 府 中 获 得 了 职 位 。 ^^戊 辰 战 争 开 始 时 ， 日 本 已 经 开 始 近 代 化 ， 走 与 工 业 化 西 方 国 家 相 同 的 进 步 道 路 。 由 于 西 方 国 家 ， 尤 其 是 英 国 和 法 国 ， 深 深 卷 入 了 该 国 的 政 治 ， 朝 廷 权 力 的 建 立 给 冲 突 增 添 了 更 多 动 荡 。 随 着 时 间 的 推 移 ， 这 场 战 争 被 浪 漫 化 为 一 场 " 不 流 血 的 革 命 " ， 因 为 与 日 本 人 口 规 模 相 比 ， 伤 亡 人 数 较 少 。 然 而 ， 朝 廷 派 内 部 的 西 部 武 士 和 近 代 化 派 之 间 很 快 就 出 现 了 冲 突 ， 导 致 了 九 年 后 更 为 血 腥 的 西 南 战 争 。 ^^
ip_history_note2|尊 王 攘 夷 
ip_history_note2_text|尊 王 攘 夷 是 一 句 四 字 熟 语 ， 在 19世 纪 50年 代 至 60年 代 的 幕 末 时 期 被 用 作 一 个 政 治 运 动 的 口 号 。 该 运 动 基 于 朱 子 学 与 日 本 国 学 ， 旨 在 推 翻 德 川 幕 府 ， 恢 复 天 皇 的 权 力 。 ^^随 着 18世 纪 末 至 19世 纪 初 外 国 船 只 侵 入 日 本 海 域 的 次 数 日 益 增 多 ， 锁 国 政 策 愈 发 受 到 质 疑 。 尊 王 攘 夷 中 的 " 攘 夷 " （ 驱 逐 蛮 夷 ） 部 分 ， 演 变 为 对 1854年 《 神 奈 川 条 约 》 的 反 弹 ， 该 条 约 迫 使 日 本 对 外 通 商 。 在 美 国 海 军 准 将 马 修 ·C·佩 里 所 率 " 黑 船 " 的 军 事 威 胁 下 ， 该 条 约 是 在 胁 迫 下 签 署 的 ， 并 遭 到 武 士 阶 层 的 强 烈 反 对 。 德 川 幕 府 无 视 朝 廷 意 愿 而 对 外 国 人 无 能 为 力 ， 这 一 事 实 被 吉 田 松 阴 及 其 他 反 幕 府 领 袖 视 为 " 尊 王 " 部 分 未 能 奏 效 的 证 据 ， 并 认 为 必 须 由 更 能 效 忠 天 皇 、 执 行 天 皇 意 志 的 政 府 取 代 幕 府 。 ^^因 此 ， 这 一 理 念 被 叛 乱 的 长 州 藩 和 萨 摩 藩 用 作 战 斗 口 号 。 京 都 的 朝 廷 同 情 该 运 动 。 孝 明 天 皇 个 人 赞 同 这 种 情 绪 ， 并 打 破 数 个 世 纪 以 来 的 朝 廷 传 统 ， 开 始 亲 自 积 极 参 与 国 事 ： 一 有 机 会 ， 便 痛 斥 条 约 ， 并 试 图 干 涉 幕 府 将 军 的 继 嗣 。 他 的 努 力 在 1863年 3月 以 颁 布 " 攘 夷 敕 令 " 达 到 高 潮 。 尽 管 幕 府 无 意 执 行 该 命 令 ， 但 它 仍 然 激 发 了 针 对 幕 府 本 身 及 在 日 外 国 人 的 袭 击 ， 最 著 名 的 事 件 是 生 麦 事 件 中 商 人 查 尔 斯 ·伦 诺 克 斯 ·理 查 森 的 遇 害 。 其 他 袭 击 还 包 括 炮 击 下 关 的 外 国 船 只 。 浪 人 （ 无 主 武 士 ） 也 聚 集 到 这 一 事 业 下 ， 暗 杀 幕 府 官 员 和 西 方 人 。 ^^这 成 为 尊 王 攘 夷 运 动 的 顶 峰 ， 因 为 西 方 列 强 的 回 应 是 要 求 为 暗 杀 和 武 士 针 对 西 方 利 益 的 其 他 行 为 支 付 赔 偿 。 1864年 ， 四 个 西 方 国 家 发 动 了 下 关 战 争 ， 击 溃 了 薄 弱 的 防 御 并 短 暂 占 领 了 该 地 区 。 虽 然 这 一 事 件 表 明 日 本 无 法 与 西 方 军 事 力 量 匹 敌 ， 但 也 进 一 步 削 弱 了 幕 府 ， 使 叛 乱 诸 藩 得 以 结 盟 并 将 其 推 翻 ， 促 成 了 明 治 维 新 。 ^^这 一 口 号 本 身 从 未 成 为 政 府 或 叛 乱 势 力 的 实 际 政 策 ； 尽 管 言 辞 激 烈 ， 尤 其 是 萨 摩 藩 与 西 方 有 着 密 切 的 联 系 ， 购 买 枪 支 、 火 炮 、 船 只 和 其 他 技 术 。 ^^在 明 治 天 皇 象 征 性 复 位 后 ， 尊 王 攘 夷 的 口 号 被 " 富 国 强 兵 " 所 取 代 ， 后 者 成 为 明 治 时 期 的 号 召 口 号 ， 并 埋 下 了 日 本 在 二 战 中 行 动 的 种 子 。 ^^
ip_history_note3|德 川 幕 府 
ip_history_note3_text|德 川 幕 府 ， 又 称 江 户 幕 府 ， 是 日 本 江 户 时 代 从 1603年 至 1868年 的 军 事 政 府 。 ^^德 川 幕 府 由 德 川 家 康 在 关 原 之 战 获 胜 后 建 立 ， 结 束 了 足 利 幕 府 崩 溃 后 战 国 时 代 的 内 战 。 家 康 成 为 将 军 ， 德 川 氏 从 位 于 东 方 城 市 江 户 （ 东 京 ） 的 江 户 城 ， 与 大 名 领 主 及 武 士 阶 级 共 同 统 治 日 本 。 ^^德 川 幕 府 以 严 格 的 德 川 身 份 制 度 组 织 日 本 社 会 ， 并 以 锁 国 的 孤 立 主 义 政 策 禁 止 大 多 数 外 国 人 入 境 ， 以 促 进 政 治 稳 定 。 日 本 臣 民 也 被 禁 止 离 开 国 家 。 德 川 将 军 以 封 建 制 度 统 治 日 本 ， 各 大 名 管 理 各 自 的 藩 （ 封 建 领 地 ） ， 尽 管 全 国 在 名 义 上 仍 被 组 织 为 令 制 国 。 在 德 川 幕 府 统 治 下 ， 日 本 经 历 了 快 速 的 经 济 增 长 和 城 市 化 ， 导 致 了 町 人 阶 级 和 浮 世 文 化 的 兴 起 。 ^^德 川 幕 府 在 1853年 起 的 幕 末 时 期 走 向 衰 落 ， 并 于 1868年 在 明 治 维 新 中 被 朝 廷 支 持 者 推 翻 。 明 治 政 府 建 立 后 ， 日 本 帝 国 成 立 ， 德 川 氏 的 效 忠 者 在 戊 辰 战 争 中 继 续 作 战 ， 直 到 虾 夷 共 和 国 于 1869年 6月 在 箱 馆 战 争 中 被 击 败 。 ^^
ip_history_note4|锁 国 
ip_history_note4_text|锁 国 是 日 本 德 川 幕 府 的 一 项 孤 立 主 义 外 交 政 策 ， 在 江 户 时 代 （ 1603年 至 1868年 ） 期 间 ， 日 本 与 其 他 国 家 的 关 系 和 贸 易 受 到 严 格 限 制 ， 几 乎 所 有 外 国 人 都 被 禁 止 进 入 日 本 ， 普 通 日 本 人 也 被 禁 止 离 开 国 家 。 这 项 政 策 由 德 川 家 光 时 期 的 幕 府 通 过 1633年 至 1639年 间 的 一 系 列 法 令 和 政 策 实 施 。 ^^日 本 在 锁 国 政 策 下 并 非 完 全 孤 立 。 锁 国 是 一 种 由 幕 府 和 某 些 藩 对 商 业 和 对 外 关 系 实 行 严 格 管 制 的 制 度 。 通 过 位 于 日 本 西 部 遥 远 的 长 崎 港 与 中 国 有 广 泛 的 贸 易 ， 那 里 设 有 中 国 人 居 住 区 。 政 策 规 定 ， 唯 一 被 允 许 的 欧 洲 影 响 是 长 崎 出 岛 的 荷 兰 商 馆 。 西 方 科 学 、 技 术 和 医 学 创 新 通 过 " 兰 学 " 流 入 日 本 。 ^^与 朝 鲜 的 贸 易 仅 限 于 对 马 藩 （ 今 长 崎 县 的 一 部 分 ） 以 及 位 于 草 梁 （ 今 釜 山 的 一 部 分 ） 的 倭 馆 。 此 外 ， 还 有 通 过 朝 鲜 通 信 使 进 行 的 外 交 交 流 。 与 阿 伊 努 人 的 贸 易 仅 限 于 北 海 道 的 松 前 藩 ， 与 琉 球 王 国 的 贸 易 则 在 萨 摩 藩 （ 今 鹿 儿 岛 县 ） 进 行 。 除 了 这 些 在 边 缘 藩 国 的 直 接 商 业 接 触 外 ， 贸 易 国 还 定 期 派 遣 使 节 前 往 江 户 的 将 军 处 和 大 阪 城 。 ^^该 政 策 于 1853年 后 结 束 ， 当 时 马 修 ·C·佩 里 率 领 的 佩 里 远 征 以 一 系 列 条 约 （ 即 《 神 奈 川 条 约 》 ） 强 迫 日 本 向 美 国 以 及 更 广 泛 的 西 方 贸 易 开 放 。 ^^
ip_history_note5|佩 里 远 征 
ip_history_note5_text|佩 里 远 征 （ " 黑 船 来 航 " ） 是 美 国 海 军 战 舰 在 两 次 独 立 航 行 （ 1852-1853年 和 1854-1855年 ） 中 对 德 川 幕 府 进 行 的 一 次 外 交 和 军 事 远 征 。 此 次 远 征 的 目 标 包 括 勘 探 、 测 量 ， 并 与 该 地 区 各 国 建 立 外 交 关 系 及 谈 判 贸 易 协 定 。 与 日 本 政 府 开 启 接 触 被 视 为 此 次 远 征 的 首 要 任 务 ， 也 是 其 发 起 的 核 心 原 因 之 一 。 ^^远 征 由 海 军 准 将 马 修 ·卡 尔 布 雷 思 ·佩 里 指 挥 ， 受 总 统 米 勒 德 ·菲 尔 莫 尔 的 命 令 。 佩 里 的 主 要 目 标 是 强 制 结 束 日 本 长 达 220年 的 孤 立 政 策 ， 并 在 必 要 时 通 过 炮 舰 外 交 向 美 国 贸 易 开 放 日 本 港 口 。 佩 里 远 征 直 接 促 使 日 本 与 西 方 列 强 建 立 外 交 关 系 ， 并 最 终 导 致 执 政 的 德 川 幕 府 垮 台 和 天 皇 复 位 。 远 征 之 后 ， 日 本 与 世 界 蓬 勃 发 展 的 贸 易 路 线 引 发 了 " 日 本 主 义 " 的 文 化 潮 流 ， 日 本 文 化 的 各 个 方 面 影 响 了 欧 洲 和 美 国 的 艺 术 。 
ip_history_note6|神 奈 川 条 约 
ip_history_note6_text|《 神 奈 川 条 约 》 ， 又 称 《 日 美 和 亲 条 约 》 ， 是 1854年 3月 31日 美 国 与 德 川 幕 府 签 署 的 一 项 条 约 。 该 条 约 在 武 力 威 胁 下 签 署 ， 实 际 上 意 味 着 日 本 持 续 220年 之 久 的 锁 国 政 策 终 结 ， 向 美 国 船 只 开 放 了 下 田 和 函 馆 港 口 。 它 还 确 保 了 美 国 遇 难 船 員 的 安 全 ， 并 确 立 了 美 国 驻 日 领 事 的 职 位 。 该 条 约 促 使 与 其 他 西 方 列 强 签 署 类 似 条 约 ， 建 立 外 交 关 系 。 
ip_history_note7|幕 末 
ip_history_note7_text|幕 末 是 江 户 时 代 末 期 德 川 幕 府 走 向 终 结 的 最 后 几 年 。 在 1853年 至 1867年 间 ， 在 外 交 和 军 事 压 力 下 ， 日 本 结 束 了 其 被 称 为 锁 国 的 孤 立 主 义 外 交 政 策 ， 并 从 封 建 的 德 川 幕 府 转 变 为 现 代 明 治 政 府 的 帝 国 。 这 一 时 期 主 要 的 意 识 形 态 -政 治 分 歧 存 在 于 拥 护 天 皇 的 攘 夷 志 士 （ 维 新 志 士 ） 与 幕 府 势 力 之 间 ， 后 者 包 括 精 锐 的 新 选 组 武 士 。 ^^尽 管 这 两 大 集 团 是 最 显 眼 的 力 量 ， 许 多 其 他 派 系 也 试 图 利 用 幕 末 的 混 乱 谋 取 个 人 权 力 。 此 外 ， 还 有 另 外 两 个 主 要 的 不 满 驱 动 力 ： 第 一 ， 外 样 大 名 日 益 增 长 的 怨 恨 ； 第 二 ， 马 修 ·C·佩 里 到 来 后 日 益 高 涨 的 排 外 情 绪 。 前 者 与 那 些 在 1600年 关 原 之 战 中 与 德 川 军 作 战 的 大 名 前 辈 有 关 ， 此 战 后 他 们 被 永 久 排 斥 在 幕 府 所 有 有 权 势 的 职 位 之 外 。 后 者 则 表 现 为 " 尊 王 攘 夷 " 的 口 号 。 幕 末 的 转 折 点 是 戊 辰 战 争 和 鸟 羽 伏 见 之 战 ， 当 时 亲 幕 府 的 军 队 被 击 败 。 ^^
ip_history_note8|明 治 维 新 
ip_history_note8_text|明 治 维 新 ， 当 时 称 为 " 御 一 新 " ， 又 称 明 治 革 新 、 明 治 革 命 、 明 治 更 始 、 明 治 改 革 或 明 治 更 新 ， 是 1868年 将 实 际 统 治 权 交 还 给 明 治 天 皇 ， 并 导 致 日 本 西 方 化 的 政 治 事 件 。 尽 管 明 治 维 新 之 前 也 有 在 位 的 天 皇 ， 但 这 一 事 件 恢 复 了 天 皇 的 实 际 权 力 ， 并 将 政 治 体 制 统 一 于 天 皇 之 下 。 维 新 引 发 了 日 本 政 治 和 社 会 结 构 的 巨 大 变 化 ， 横 跨 江 户 时 代 末 期 （ 常 称 幕 末 ） 和 明 治 时 代 初 期 ， 在 此 期 间 日 本 迅 速 工 业 化 并 采 纳 了 西 方 的 思 想 、 生 产 方 法 和 技 术 。 ^^维 新 的 起 源 在 于 德 川 幕 府 面 临 的 经 济 和 政 治 困 难 。 外 国 势 力 在 该 地 区 的 蚕 食 加 剧 了 这 些 问 题 ， 挑 战 了 德 川 的 锁 国 政 策 ， 特 别 是 奉 美 国 总 统 米 勒 德 ·菲 尔 莫 尔 之 命 到 来 的 佩 里 远 征 。 在 随 后 签 订 的 不 平 等 条 约 下 ， 日 本 被 迫 向 西 方 开 放 ， 使 得 将 军 维 持 日 本 主 权 的 能 力 受 到 质 疑 。 天 皇 对 幕 府 行 动 的 斥 责 导 致 武 士 阶 级 内 部 在 效 忠 将 军 还 是 效 忠 天 皇 的 封 建 义 务 上 出 现 意 识 形 态 分 歧 。 许 多 中 下 级 武 士 成 为 " 志 士 " ， 致 力 于 执 行 天 皇 的 攘 夷 诏 令 。 藩 内 的 派 系 争 端 导 致 一 些 藩 与 德 川 幕 府 发 生 冲 突 。 在 经 历 了 一 些 初 期 挫 折 后 ， 各 藩 组 成 了 倒 幕 同 盟 ， 并 在 萨 摩 和 长 州 的 领 导 下 推 翻 了 幕 府 体 制 。 ^^1868年 1月 3日 ， 明 治 天 皇 宣 布 将 政 治 权 力 复 归 皇 室 。 新 天 皇 在 《 五 条 御 誓 文 》 中 表 达 了 新 政 权 的 目 标 。 随 后 德 川 氏 对 新 政 府 的 抵 抗 体 现 为 戊 辰 战 争 和 短 暂 的 虾 夷 共 和 国 ， 但 到 19世 纪 70年 代 ， 天 皇 的 权 威 已 实 际 上 无 可 置 疑 。 新 政 府 重 组 了 整 个 社 会 阶 层 ， 废 除 了 旧 货 币 、 藩 阀 制 度 ， 并 最 终 废 除 了 武 士 的 阶 级 地 位 。 ^^幕 府 的 废 除 以 及 效 仿 外 国 列 强 的 工 业 化 ， 引 发 了 佐 贺 之 乱 和 西 南 战 争 等 反 弹 ， 但 最 终 终 结 了 日 本 社 会 的 封 建 制 度 。 明 治 维 新 是 奠 定 日 本 帝 国 制 度 的 政 治 过 程 ， 并 将 随 着 日 本 对 其 邻 国 推 行 殖 民 利 益 而 对 东 亚 产 生 深 远 影 响 。 1889年 颁 布 的 《 大 日 本 帝 国 宪 法 》 一 直 施 行 到 二 战 结 束 后 盟 军 占 领 日 本 为 止 。 ^^